Date,Open,High,Low,Close,Volume
2016-01-01,7891.41,8010.79,7810.65,7929.64,307148915
2016-01-04,7928.25,7980.69,7790.23,7842.1,166651088
2016-01-05,7860.59,7936.13,7834.59,7909.97,185808784
2016-01-06,7894.26,8038.23,7851.55,7994.97,251732115
2016-01-07,8008.2,8024.28,7810.88,7826.59,252820222
2016-01-08,7800.48,7866.56,7652.23,7717.61,190597692
2016-01-11,7708.3,7768.84,7671.12,7731.55,298243252
2016-01-12,7702.84,7738.29,7672.31,7707.75,293740527
2016-01-13,7707.63,7777.18,7639.87,7709.41,209792367
2016-01-14,7697.52,7781.97,7556.32,7640.15,219673847
2016-01-15,7629.69,7747.6,7599.55,7717.11,349327297
2016-01-18,7740.84,7837.88,7689.48,7786.22,435621713
2016-01-19,7777.63,7838.14,7734.58,7794.99,448949502
2016-01-20,7816.09,7976.86,7734.81,7894.77,317796400
2016-01-21,7881.87,7985.14,7835.58,7938.52,161549427
2016-01-22,7939.96,7964.1,7842.74,7866.66,419319220
2016-01-25,7865.79,7949.26,7818.47,7901.72,435156441
2016-01-26,7919.74,7995.94,7746.27,7821.53,233417540
2016-01-27,7816.38,7942.57,7774.5,7900.24,270107471
2016-01-28,7910.74,7944.32,7865.54,7899.06,157793267
2016-01-29,7908.36,7953.73,7840.92,7886.16,390361026
2016-02-01,7870.87,7895.5,7805.74,7830.25,382696501
2016-02-02,7852.91,7982.59,7809.48,7938.68,156188276
2016-02-03,7964.72,8000.24,7893.01,7928.36,360713297
2016-02-04,7932.98,8037.52,7790.15,7894.18,273564504
2016-02-05,7877.48,7879.9,7864.34,7866.76,313647493
2016-02-08,7887.0,7943.83,7859.24,7915.97,215500552
2016-02-09,7915.64,7984.68,7882.06,7950.95,394602818
2016-02-10,7955.22,8015.39,7930.17,7990.23,271321841
2016-02-11,7987.36,8090.32,7928.65,8031.29,402025311
2016-02-12,8015.1,8255.78,7983.84,8223.71,194481450
2016-02-15,8217.99,8232.08,8176.2,8190.23,326370992
2016-02-16,8183.31,8235.33,8095.57,8147.36,243046369
2016-02-17,8140.85,8183.07,8035.8,8077.69,439778337
2016-02-18,8077.37,8168.46,8044.79,8135.65,317065812
2016-02-19,8146.9,8324.88,8062.92,8239.94,365913584
2016-02-22,8232.29,8294.29,8170.91,8232.91,175856535
2016-02-23,8228.96,8287.36,8102.21,8160.11,353062612
2016-02-24,8185.67,8247.27,8028.49,8089.37,180323419
2016-02-25,8060.68,8210.5,8001.34,8150.5,258426537
2016-02-26,8170.6,8264.25,8127.0,8220.4,216743519
2016-02-29,8236.77,8305.31,8204.4,8272.8,150677573
2016-03-01,8248.22,8301.2,8162.77,8215.55,325886361
2016-03-02,8186.69,8283.33,8143.45,8239.81,222282802
2016-03-03,8261.02,8263.26,8251.45,8253.69,303774161
2016-03-04,8232.56,8300.88,8208.66,8276.84,203447357
2016-03-07,8275.79,8400.48,8235.22,8359.49,362961376
2016-03-08,8382.88,8457.7,8308.59,8383.4,249306643
2016-03-09,8391.7,8503.74,8337.68,8449.36,323098712
2016-03-10,8456.0,8487.9,8427.13,8459.02,337674892
2016-03-11,8473.52,8511.92,8450.95,8489.3,346618765
2016-03-14,8503.49,8633.39,8422.21,8551.65,208586243
2016-03-15,8555.26,8602.07,8371.94,8418.0,323884098
2016-03-16,8424.74,8446.51,8370.08,8391.77,229088315
2016-03-17,8396.84,8444.36,8304.43,8351.7,233076072
2016-03-18,8350.86,8418.66,8228.99,8296.35,434222428
2016-03-21,8295.11,8316.51,8253.22,8274.56,180276479
2016-03-22,8272.22,8466.13,8220.91,8413.94,273954171
2016-03-23,8415.87,8470.46,8283.1,8337.17,281788959
2016-03-24,8354.5,8452.42,8331.59,8429.3,223496278
2016-03-25,8432.27,8515.49,8194.95,8276.64,385609117
2016-03-28,8247.92,8303.4,8193.99,8249.46,296132473
2016-03-29,8239.8,8307.94,8199.52,8267.53,365821641
2016-03-30,8252.57,8369.86,8207.25,8324.15,266104763
2016-03-31,8354.8,8411.12,8336.36,8392.6,419031537
2016-04-01,8372.97,8486.93,8355.43,8469.2,368858711
2016-04-04,8498.46,8537.66,8401.16,8440.1,249956320
2016-04-05,8439.66,8480.1,8360.3,8400.55,438634831
2016-04-06,8384.68,8528.11,8340.29,8483.19,409517232
2016-04-07,8524.9,8611.65,8382.55,8468.73,327521227
2016-04-08,8454.29,8521.44,8286.93,8353.28,154934686
2016-04-11,8339.39,8344.98,8246.95,8252.49,327344156
2016-04-12,8269.32,8347.71,8094.85,8172.33,357253296
2016-04-13,8189.42,8258.02,8151.83,8220.29,259450157
2016-04-14,8217.54,8304.4,8149.76,8236.45,193168366
2016-04-15,8242.9,8342.32,8203.18,8302.31,319389279
2016-04-18,8275.42,8327.9,8214.18,8266.61,390453762
2016-04-19,8284.45,8304.39,8264.39,8284.33,245798659
2016-04-20,8294.92,8403.02,8236.9,8344.65,286893159
2016-04-21,8357.17,8429.18,8247.92,8319.6,150327622
2016-04-22,8308.04,8374.34,8298.49,8364.73,361156795
2016-04-25,8355.8,8428.22,8235.17,8307.17,409828851
2016-04-26,8298.16,8330.67,8244.89,8277.31,382905382
2016-04-27,8247.16,8340.01,8153.04,8245.87,278833225
2016-04-28,8259.49,8328.12,8073.05,8140.7,163530262
2016-04-29,8156.45,8250.85,8093.4,8187.56,297626545
2016-05-02,8183.56,8228.64,8103.67,8148.56,432127089
2016-05-03,8141.59,8266.3,8028.39,8152.94,175050274
2016-05-04,8162.01,8237.1,8124.39,8199.32,214178474
2016-05-05,8206.95,8267.33,8182.6,8242.87,320460400
2016-05-06,8267.67,8339.86,8234.46,8306.5,201101121
2016-05-09,8314.82,8391.3,8224.47,8300.82,157278127
2016-05-10,8307.21,8359.41,8213.56,8265.49,273186347
2016-05-11,8265.67,8313.86,8213.38,8261.55,328475864
2016-05-12,8252.02,8290.41,8073.78,8111.51,402079664
2016-05-13,8135.52,8181.68,7940.32,7985.64,415136864
2016-05-16,7973.09,8008.58,7837.6,7872.64,276744790
2016-05-17,7889.97,7953.3,7726.91,7789.43,429345700
2016-05-18,7798.16,7867.72,7757.4,7826.8,383064949
2016-05-19,7835.78,7867.66,7720.43,7751.98,212794290
2016-05-20,7747.95,7816.98,7654.02,7722.83,354381626
2016-05-23,7736.33,7860.22,7712.7,7836.29,364569848
2016-05-24,7822.88,7872.37,7759.32,7808.71,220171590
2016-05-25,7835.67,7877.18,7833.69,7875.19,443399557
2016-05-26,7879.57,7894.32,7782.87,7797.46,239053079
2016-05-27,7787.57,7825.78,7744.77,7782.96,314884091
2016-05-30,7776.41,7810.62,7670.85,7704.74,298118509
2016-05-31,7704.85,7738.71,7645.34,7679.09,357655169
2016-06-01,7656.63,7817.8,7592.77,7753.14,420496779
2016-06-02,7764.81,7831.04,7544.03,7608.93,267967997
2016-06-03,7585.48,7701.08,7533.16,7648.33,265359276
2016-06-06,7658.67,7693.69,7636.41,7671.39,375401201
2016-06-07,7671.53,7714.89,7581.24,7624.32,435681637
2016-06-08,7652.41,7742.51,7417.72,7506.09,422662216
2016-06-09,7481.11,7616.37,7380.25,7515.05,375827417
2016-06-10,7501.3,7568.37,7407.45,7474.29,360916670
2016-06-13,7488.8,7518.99,7466.23,7496.41,380618652
2016-06-14,7503.8,7546.41,7458.62,7501.21,430778613
2016-06-15,7509.52,7687.48,7459.27,7636.38,153191819
2016-06-16,7654.65,7702.31,7571.89,7619.33,326595795
2016-06-17,7616.77,7687.51,7466.59,7536.59,160210053
2016-06-20,7545.34,7616.38,7483.5,7554.47,323141232
2016-06-21,7544.43,7597.47,7522.82,7575.77,268416508
2016-06-22,7567.17,7723.89,7535.86,7692.07,241388216
2016-06-23,7704.16,7835.14,7635.38,7765.81,417296856
2016-06-24,7763.4,7879.67,7683.49,7799.4,362888247
2016-06-27,7820.74,7981.42,7768.11,7928.06,320224734
2016-06-28,7915.03,7999.92,7743.6,7827.56,414585756
2016-06-29,7826.6,7876.53,7726.01,7775.61,179370245
2016-06-30,7770.32,7796.2,7673.82,7699.46,343894867
2016-07-01,7676.85,7737.49,7608.95,7669.53,196873053
2016-07-04,7657.51,7773.74,7441.76,7556.45,219911766
2016-07-05,7540.04,7629.23,7523.24,7612.27,205546848
2016-07-06,7620.04,7700.72,7516.27,7596.71,313232734
2016-07-07,7597.69,7656.32,7419.14,7476.84,338713133
2016-07-08,7449.27,7478.83,7366.96,7396.3,376781225
2016-07-11,7380.42,7427.11,7378.1,7424.77,282187141
2016-07-12,7426.51,7501.65,7421.1,7496.19,431808994
2016-07-13,7476.37,7697.47,7443.56,7663.84,262072761
2016-07-14,7651.1,7969.43,7596.09,7912.55,196978814
2016-07-15,7917.38,8020.81,7848.65,7951.78,160954451
2016-07-18,7963.75,8038.79,7794.27,7868.41,188249127
2016-07-19,7868.38,7922.75,7633.9,7687.02,283535629
2016-07-20,7694.89,7762.29,7645.45,7712.73,273883059
2016-07-21,7706.61,7745.16,7608.59,7646.85,406268395
2016-07-22,7634.34,7689.81,7559.65,7614.97,187683350
2016-07-25,7613.54,7644.07,7536.4,7566.74,228698732
2016-07-26,7556.72,7575.95,7538.82,7558.05,444128673
2016-07-27,7572.85,7697.4,7525.62,7649.7,158569250
2016-07-28,7636.5,7730.56,7572.16,7665.97,277291310
2016-07-29,7657.38,7671.01,7642.03,7655.66,209470844
2016-08-01,7671.3,7704.97,7538.28,7571.51,310083155
2016-08-02,7565.32,7611.64,7389.53,7435.06,442096087
2016-08-03,7452.05,7497.21,7353.43,7398.26,218126334
2016-08-04,7380.52,7453.29,7324.19,7396.84,261110121
2016-08-05,7389.67,7631.64,7303.48,7543.65,284737837
2016-08-08,7543.63,7562.81,7538.31,7557.48,389548034
2016-08-09,7562.88,7732.63,7473.38,7642.2,445408180
2016-08-10,7666.29,7754.39,7515.9,7603.28,178960815
2016-08-11,7587.78,7654.07,7441.63,7507.22,296606145
2016-08-12,7496.38,7546.4,7380.94,7430.52,375779702
2016-08-15,7411.61,7441.75,7344.23,7374.22,152647177
2016-08-16,7364.25,7615.47,7300.21,7549.82,391832766
2016-08-17,7561.91,7613.56,7433.5,7484.63,305519796
2016-08-18,7464.41,7594.93,7426.61,7556.66,443536449
2016-08-19,7545.38,7610.34,7420.19,7484.62,340541366
2016-08-22,7502.26,7633.67,7433.47,7564.32,446720253
2016-08-23,7552.89,7616.23,7536.13,7599.37,331040403
2016-08-24,7572.52,7667.22,7494.79,7589.32,213147926
2016-08-25,7583.23,7617.39,7554.81,7588.95,357786574
2016-08-26,7613.88,7688.46,7463.49,7537.33,334579226
2016-08-29,7537.69,7616.12,7499.1,7577.32,243214413
2016-08-30,7575.32,7625.94,7492.04,7542.43,173072499
2016-08-31,7566.57,7621.56,7389.67,7443.76,344462410
2016-09-01,7454.57,7525.45,7272.3,7342.1,323232492
2016-09-02,7324.93,7419.8,7264.39,7358.98,382088274
2016-09-05,7354.64,7501.34,7343.26,7489.75,187776210
2016-09-06,7457.87,7528.03,7435.9,7505.92,311623927
2016-09-07,7513.9,7561.55,7451.58,7499.13,395598457
2016-09-08,7501.9,7614.91,7412.98,7525.71,417373664
2016-09-09,7506.61,7682.03,7462.19,7636.83,431872496
2016-09-12,7641.48,7687.35,7612.51,7658.32,213587334
2016-09-13,7658.75,7667.94,7617.61,7626.76,201896042
2016-09-14,7648.27,7753.17,7618.02,7722.63,322802332
2016-09-15,7754.0,7807.95,7708.23,7762.14,288813650
2016-09-16,7778.1,7942.49,7732.67,7896.37,180612899
2016-09-19,7895.89,7949.07,7862.34,7915.44,193090897
2016-09-20,7917.33,7972.39,7757.67,7812.0,251742002
2016-09-21,7799.74,7843.62,7654.26,7697.55,371846875
2016-09-22,7688.16,7941.55,7588.99,7840.42,169529326
2016-09-23,7839.01,8077.22,7755.64,7992.21,181559223
2016-09-26,7989.09,8043.24,7925.54,7979.63,229363958
2016-09-27,7958.54,7995.62,7912.15,7949.19,412122502
2016-09-28,7952.53,8167.08,7866.98,8080.16,447067100
2016-09-29,8083.74,8165.8,7903.93,7984.99,282050039
2016-09-30,7995.22,8082.23,7823.52,7909.6,163380980
2016-10-03,7908.66,8073.69,7804.5,7968.73,153581610
2016-10-04,7961.0,7990.46,7907.96,7937.33,407690498
2016-10-05,7918.12,8043.23,7815.24,7940.06,283433293
2016-10-06,7953.07,7992.82,7889.33,7928.96,173235773
2016-10-07,7948.77,8025.77,7884.68,7961.58,400028011
2016-10-10,7992.88,8098.99,7982.04,8088.02,308699079
2016-10-11,8083.73,8136.68,8046.45,8099.32,254927467
2016-10-12,8067.35,8234.84,7993.28,8159.93,285635937
2016-10-13,8155.51,8222.54,7913.59,7979.17,217520616
2016-10-14,8016.83,8056.43,7938.67,7978.09,429466397
2016-10-17,7971.37,8022.03,7857.02,7907.28,386329153
2016-10-18,7922.89,7956.96,7770.87,7804.43,209714958
2016-10-19,7794.58,7866.07,7661.24,7732.16,370470678
2016-10-20,7738.02,7739.05,7705.8,7706.83,203904604
2016-10-21,7687.95,7869.36,7607.19,7787.56,285986160
2016-10-24,7793.82,7822.76,7648.55,7677.05,374614226
2016-10-25,7674.44,7729.11,7628.09,7682.71,160911655
2016-10-26,7694.02,7708.83,7630.15,7644.87,367715841
2016-10-27,7632.01,7684.05,7568.41,7620.37,217784611
2016-10-28,7618.85,7766.94,7560.07,7707.47,359754531
2016-10-31,7688.52,7811.03,7634.15,7756.18,299750399
2016-11-01,7773.11,7932.13,7715.12,7873.39,157838134
2016-11-02,7875.58,7920.57,7818.24,7863.15,378566475
2016-11-03,7850.03,7895.43,7760.95,7806.1,227987905
2016-11-04,7825.77,7869.93,7746.05,7790.0,435695848
2016-11-07,7776.14,7849.24,7740.97,7813.9,401968553
2016-11-08,7817.04,7870.42,7778.9,7832.2,207850373
2016-11-09,7839.8,7899.14,7683.32,7741.91,330257436
2016-11-10,7755.68,7835.33,7673.09,7752.71,258609814
2016-11-11,7768.16,7800.14,7743.32,7775.28,330658476
2016-11-14,7761.23,8039.85,7716.42,7993.7,317100936
2016-11-15,7986.49,8183.03,7965.85,8161.93,238774981
2016-11-16,8154.72,8192.04,8051.58,8088.59,345420893
2016-11-17,8077.72,8118.54,8025.5,8066.26,228051926
2016-11-18,8085.27,8138.61,7887.25,7939.64,422203878
2016-11-21,7978.89,8030.84,7839.84,7891.22,433966466
2016-11-22,7886.64,7969.4,7839.23,7921.77,199772088
2016-11-23,7925.84,8088.68,7867.93,8030.02,368326583
2016-11-24,8063.37,8091.3,7941.23,7968.83,428812790
2016-11-25,7982.52,8035.39,7862.26,7914.68,188059835
2016-11-28,7889.81,7955.39,7666.64,7730.9,371889045
2016-11-29,7750.5,7777.07,7693.69,7720.16,431312082
2016-11-30,7720.02,7726.38,7626.73,7633.02,217530214
2016-12-01,7613.81,7683.43,7522.2,7591.62,324711045
2016-12-02,7584.54,7604.82,7501.33,7521.43,389353392
2016-12-05,7524.89,7558.24,7483.33,7516.64,250008710
2016-12-06,7509.57,7571.28,7313.71,7374.32,221346147
2016-12-07,7357.18,7381.34,7234.43,7258.26,269141833
2016-12-08,7260.5,7497.37,7195.82,7431.17,250616664
2016-12-09,7449.57,7479.4,7299.55,7328.9,367621353
2016-12-12,7342.64,7369.43,7216.99,7243.41,261278601
2016-12-13,7269.87,7411.88,7250.98,7392.67,262881795
2016-12-14,7412.31,7662.63,7382.44,7631.87,433352017
2016-12-15,7662.6,7722.17,7477.98,7536.57,323623439
2016-12-16,7521.25,7554.6,7475.76,7509.05,428808259
2016-12-19,7520.78,7609.32,7451.91,7540.27,363149848
2016-12-20,7539.2,7733.82,7492.96,7686.67,415561776
2016-12-21,7698.33,7747.56,7557.65,7606.3,208612499
2016-12-22,7586.62,7615.84,7559.61,7588.82,431455085
2016-12-23,7592.39,7730.61,7519.15,7656.75,433272445
2016-12-26,7681.49,7760.6,7617.44,7696.43,162230510
2016-12-27,7700.85,7764.35,7604.43,7667.66,256851831
2016-12-28,7657.43,7701.87,7615.01,7659.44,273987524
2016-12-29,7646.81,7664.05,7529.65,7546.66,275812427
2016-12-30,7551.7,7601.21,7480.54,7529.91,383520901
2017-01-02,7540.27,7597.86,7453.49,7510.86,359554310
2017-01-03,7514.5,7590.82,7456.87,7533.04,213865047
2017-01-04,7532.4,7586.92,7435.82,7490.04,332635526
2017-01-05,7479.16,7585.43,7425.99,7531.89,442388273
2017-01-06,7541.96,7649.21,7511.86,7618.8,428464006
2017-01-09,7619.59,7666.4,7588.13,7634.88,344922612
2017-01-10,7626.84,7687.6,7606.82,7667.47,427488264
2017-01-11,7686.88,7757.58,7604.44,7675.02,420848492
2017-01-12,7683.27,7774.83,7586.6,7678.1,155002256
2017-01-13,7675.19,7791.05,7505.2,7620.23,390085084
2017-01-16,7616.76,7701.56,7565.23,7649.81,206727475
2017-01-17,7643.72,7699.09,7589.32,7644.68,397277702
2017-01-18,7657.46,7868.02,7614.13,7823.76,392404700
2017-01-19,7851.56,8015.78,7798.81,7962.29,227522522
2017-01-20,7966.6,8025.45,7940.52,7999.27,275821004
2017-01-23,8005.96,8050.78,7890.9,7935.33,240892814
2017-01-24,7925.67,7954.76,7812.62,7841.4,316145742
2017-01-25,7883.3,7988.68,7842.23,7947.28,174605835
2017-01-26,7924.12,8004.57,7893.17,7973.43,163257245
2017-01-27,7972.6,8079.99,7911.69,8018.73,281142660
2017-01-30,8027.63,8092.09,7804.87,7868.05,380937654
2017-01-31,7857.91,8007.3,7802.73,7951.47,244492469
2017-02-01,7937.54,8027.5,7904.67,7994.4,247039027
2017-02-02,7979.72,7999.15,7880.71,7899.94,199206140
2017-02-03,7916.76,7980.61,7798.71,7862.13,234778823
2017-02-06,7877.49,7936.34,7829.29,7888.08,239632416
2017-02-07,7900.34,7905.99,7890.13,7895.79,227787602
2017-02-08,7909.42,7961.08,7822.15,7873.57,253104177
2017-02-09,7883.45,7939.73,7811.58,7867.76,235013779
2017-02-10,7852.23,7864.05,7837.28,7849.1,354245614
2017-02-13,7837.92,7925.93,7777.61,7865.41,251404449
2017-02-14,7876.26,8011.03,7861.33,7995.87,376427070
2017-02-15,7980.18,8010.74,7743.54,7773.32,331447367
2017-02-16,7767.76,7782.63,7741.33,7756.17,342145244
2017-02-17,7734.11,7801.81,7706.78,7774.34,325069596
2017-02-20,7775.68,7821.94,7756.56,7802.76,426859528
2017-02-21,7800.95,7872.53,7702.63,7773.96,444715583
2017-02-22,7753.72,7795.44,7585.81,7626.84,211927282
2017-02-23,7642.48,7693.75,7606.21,7657.41,191468830
2017-02-24,7648.63,7880.05,7576.04,7805.97,418787774
2017-02-27,7801.19,7873.85,7605.89,7677.39,177817001
2017-02-28,7683.98,7791.96,7645.77,7753.41,329935587
2017-03-01,7760.85,7814.88,7674.69,7728.49,303846852
2017-03-02,7744.27,7778.0,7692.72,7726.37,216033496
2017-03-03,7727.01,7771.94,7595.55,7639.98,306168262
2017-03-06,7650.74,7673.11,7592.65,7614.92,355735521
2017-03-07,7630.41,7784.04,7573.96,7726.87,322241041
2017-03-08,7706.52,7854.36,7632.34,7779.48,305927285
2017-03-09,7814.24,8002.26,7743.87,7930.83,415695034
2017-03-10,7953.47,8087.0,7903.71,8036.72,217659112
2017-03-13,8010.02,8082.53,8006.27,8078.75,244970793
2017-03-14,8082.88,8271.76,8048.73,8236.96,442090129
2017-03-15,8221.9,8328.16,8174.11,8280.03,225464071
2017-03-16,8290.23,8372.48,8276.62,8358.76,411405924
2017-03-17,8351.26,8439.19,8247.07,8334.83,339638319
2017-03-20,8316.91,8416.11,8245.31,8344.27,214422077
2017-03-21,8336.18,8399.85,8220.33,8283.59,377607294
2017-03-22,8301.77,8445.97,8233.5,8377.08,228695106
2017-03-23,8392.31,8413.67,8250.8,8271.85,253432240
2017-03-24,8290.27,8375.07,8261.74,8346.34,354520000
2017-03-27,8350.68,8407.25,8275.73,8332.18,267454324
2017-03-28,8340.26,8502.05,8281.79,8442.86,320741280
2017-03-29,8428.61,8532.58,8412.17,8515.97,315898536
2017-03-30,8530.83,8746.91,8474.89,8689.93,208988771
2017-03-31,8709.91,8814.66,8658.82,8763.26,219753789
2017-04-03,8738.63,8816.39,8538.57,8615.23,242046202
2017-04-04,8608.85,8672.84,8548.36,8612.33,216703554
2017-04-05,8601.18,8695.21,8411.76,8504.74,425620874
2017-04-06,8489.83,8532.18,8417.46,8459.66,264416987
2017-04-07,8461.48,8627.1,8438.43,8603.67,271462660
2017-04-10,8609.36,8761.37,8516.07,8667.45,351606933
2017-04-11,8658.95,8721.17,8542.45,8604.28,356437683
2017-04-12,8556.96,8607.31,8461.7,8511.77,315353252
2017-04-13,8506.45,8548.44,8476.29,8518.25,442835021
2017-04-14,8536.67,8579.54,8365.45,8407.66,419952230
2017-04-17,8404.68,8445.6,8308.31,8348.96,210724630
2017-04-18,8316.95,8402.78,8295.29,8380.95,198008987
2017-04-19,8397.06,8493.61,8394.29,8490.81,267857745
2017-04-20,8477.8,8592.12,8437.1,8551.07,400611678
2017-04-21,8580.89,8652.16,8269.7,8338.96,439403249
2017-04-24,8329.67,8453.2,8247.09,8370.22,360787998
2017-04-25,8357.82,8455.85,8282.37,8380.2,357002622
2017-04-26,8357.42,8499.35,8280.37,8421.7,220108977
2017-04-27,8414.86,8599.79,8390.34,8574.8,327683557
2017-04-28,8571.07,8629.63,8326.34,8383.62,205296036
2017-05-01,8375.32,8439.49,8268.62,8332.46,311893815
2017-05-02,8322.74,8455.91,8257.32,8389.95,208125000
2017-05-03,8397.37,8446.22,8199.37,8247.34,172653114
2017-05-04,8240.06,8438.66,8186.88,8384.54,440187414
2017-05-05,8393.77,8524.49,8291.49,8421.87,418012142
2017-05-08,8437.69,8579.59,8362.36,8503.67,355596697
2017-05-09,8556.19,8620.77,8389.85,8453.66,337651564
2017-05-10,8461.85,8601.93,8393.21,8532.71,221999278
2017-05-11,8515.5,8676.73,8475.74,8636.41,321500222
2017-05-12,8627.67,8730.79,8559.14,8661.99,374425797
2017-05-15,8658.97,8743.52,8603.43,8687.79,311850102
2017-05-16,8706.69,8791.98,8631.9,8717.1,234581605
2017-05-17,8714.28,8749.05,8603.34,8637.8,267574262
2017-05-18,8657.42,8729.46,8555.45,8627.24,402290577
2017-05-19,8599.53,8659.82,8556.01,8616.22,226399407
2017-05-22,8619.07,8728.16,8547.22,8656.0,438420502
2017-05-23,8671.76,8814.65,8612.34,8754.66,376596595
2017-05-24,8764.91,8819.19,8602.62,8656.23,417071365
2017-05-25,8644.56,8692.9,8599.47,8647.79,302870255
2017-05-26,8648.12,8844.01,8597.13,8792.17,217121304
2017-05-29,8759.01,8801.12,8681.83,8723.77,160181859
2017-05-30,8724.75,8769.74,8603.77,8648.36,310476245
2017-05-31,8644.09,8735.78,8579.57,8671.06,269728349
2017-06-01,8652.35,8764.84,8642.7,8755.07,184104421
2017-06-02,8748.97,8832.31,8676.42,8759.67,428581091
2017-06-05,8789.24,8965.44,8715.88,8891.23,441079704
2017-06-06,8865.12,9026.2,8818.11,8978.58,262168368
2017-06-07,8983.19,9124.54,8924.51,9065.32,350414375
2017-06-08,9075.09,9153.84,9045.61,9124.2,273969902
2017-06-09,9125.38,9429.44,9059.12,9361.47,299042870
2017-06-12,9376.92,9410.52,9310.61,9344.08,337188336
2017-06-13,9337.63,9357.35,9122.59,9141.89,274929239
2017-06-14,9130.53,9348.07,9090.11,9306.87,390502441
2017-06-15,9287.89,9348.23,9203.55,9263.74,206803741
2017-06-16,9262.7,9285.65,9255.5,9278.44,350538335
2017-06-19,9282.43,9446.08,9252.59,9415.8,444938687
2017-06-20,9424.95,9445.26,9233.68,9253.62,405016419
2017-06-21,9254.17,9301.84,9082.89,9129.91,163716199
2017-06-22,9135.45,9193.68,8915.56,8972.75,184191176
2017-06-23,8968.17,8980.65,8885.58,8897.96,338620058
2017-06-26,8871.67,8982.55,8833.98,8944.55,427377765
2017-06-27,8944.4,9037.28,8907.06,8999.7,403207616
2017-06-28,9010.95,9077.27,8964.44,9030.65,421176579
2017-06-29,9013.22,9059.78,8847.98,8893.92,194917287
2017-06-30,8897.94,8960.0,8611.0,8671.48,305744575
2017-07-03,8704.05,8738.81,8645.47,8680.13,367765229
2017-07-04,8678.85,8742.02,8575.68,8638.56,337422671
2017-07-05,8638.15,8724.73,8599.3,8685.66,383108049
2017-07-06,8658.75,8795.32,8620.07,8756.2,287116183
2017-07-07,8737.4,8780.22,8730.23,8773.02,284384231
2017-07-10,8759.06,8875.19,8734.02,8849.89,431963558
2017-07-11,8860.22,8945.0,8791.08,8875.74,210811008
2017-07-12,8859.69,8977.66,8813.45,8931.04,247911326
2017-07-13,8897.85,8938.04,8825.34,8865.39,156593003
2017-07-14,8872.46,8947.65,8776.4,8851.42,195525273
2017-07-17,8838.79,8955.36,8757.87,8874.12,444270920
2017-07-18,8847.22,8977.98,8827.25,8957.76,404304356
2017-07-19,8970.48,9069.27,8824.28,8922.55,227743954
2017-07-20,8931.35,9030.05,8878.85,8977.27,327932492
2017-07-21,8937.86,8955.21,8937.25,8954.61,421973580
2017-07-24,8956.93,9001.05,8902.54,8946.61,240075114
2017-07-25,8926.82,9087.79,8871.51,9031.83,448305158
2017-07-26,9033.91,9113.7,8759.36,8837.43,261186485
2017-07-27,8839.84,8925.46,8630.52,8714.93,365057530
2017-07-28,8715.07,8764.34,8527.84,8576.33,269328467
2017-07-31,8594.58,8620.92,8333.99,8359.61,351460002
2017-08-01,8406.66,8466.57,8241.43,8300.58,250514019
2017-08-02,8306.9,8435.75,8243.97,8372.33,402988501
2017-08-03,8403.76,8474.16,8279.49,8349.44,341219927
2017-08-04,8322.64,8456.42,8237.66,8370.95,236632018
2017-08-07,8365.24,8528.16,8312.36,8474.59,438280881
2017-08-08,8452.91,8666.94,8388.85,8601.75,362753171
2017-08-09,8590.54,8652.82,8536.42,8598.65,278590394
2017-08-10,8593.76,8832.91,8492.57,8730.11,190765579
2017-08-11,8764.73,8818.54,8688.78,8742.45,441998017
2017-08-14,8743.57,8786.24,8623.14,8665.42,376498042
2017-08-15,8684.59,8728.13,8569.05,8612.23,350339171
2017-08-16,8604.97,8681.86,8399.68,8475.42,399933607
2017-08-17,8466.29,8516.13,8346.58,8396.01,332140858
2017-08-18,8369.45,8437.35,8298.43,8366.3,219601546
2017-08-21,8398.77,8512.53,8330.21,8443.6,221131155
2017-08-22,8468.28,8636.59,8438.97,8606.8,173722520
2017-08-23,8610.87,8638.17,8452.5,8479.39,168876211
2017-08-24,8475.52,8590.27,8405.04,8519.42,368603265
2017-08-25,8521.15,8536.17,8410.47,8425.31,405580431
2017-08-28,8403.15,8488.41,8387.55,8472.68,199176011
2017-08-29,8481.0,8584.4,8360.66,8463.85,322194319
2017-08-30,8486.91,8489.56,8294.18,8296.77,187173393
2017-08-31,8320.35,8458.68,8247.06,8384.81,274324158
2017-09-01,8358.9,8401.45,8289.95,8332.36,387220451
2017-09-04,8350.62,8414.51,8223.36,8286.76,393590196
2017-09-05,8265.07,8329.8,8128.4,8192.56,434625822
2017-09-06,8157.54,8201.03,8093.5,8136.88,243174114
2017-09-07,8155.4,8227.95,8106.02,8178.43,434620192
2017-09-08,8170.27,8241.09,8093.91,8164.68,385085176
2017-09-11,8180.6,8278.86,8099.36,8197.46,251587566
2017-09-12,8211.8,8309.49,8135.89,8233.38,248389150
2017-09-13,8245.44,8413.07,8189.4,8356.28,182268778
2017-09-14,8357.77,8401.97,8284.07,8328.11,426264355
2017-09-15,8307.92,8333.96,8170.46,8196.15,210991510
2017-09-18,8191.53,8351.43,8136.44,8295.65,230390062
2017-09-19,8319.55,8368.43,8220.14,8268.72,273876614
2017-09-20,8285.31,8450.75,8208.77,8373.4,191266235
2017-09-21,8369.53,8477.54,8304.38,8412.06,391792276
2017-09-22,8407.97,8491.76,8319.54,8403.29,359429012
2017-09-25,8413.98,8459.39,8393.55,8438.89,196987906
2017-09-26,8441.62,8717.75,8349.23,8623.38,198854175
2017-09-27,8620.25,8888.64,8556.95,8823.84,156598952
2017-09-28,8833.48,8859.64,8807.95,8834.11,434808915
2017-09-29,8843.13,8869.31,8827.05,8853.21,280735232
2017-10-02,8842.13,9044.25,8760.54,8961.56,346666533
2017-10-03,8967.95,9013.57,8836.6,8881.78,194991770
2017-10-04,8889.71,8969.77,8837.98,8917.87,219258198
2017-10-05,8918.1,8989.99,8847.02,8918.9,312446985
2017-10-06,8905.93,9008.07,8851.42,8953.27,212645680
2017-10-09,8947.68,8958.8,8863.74,8874.77,333879393
2017-10-10,8858.44,8953.26,8629.77,8723.15,427162511
2017-10-11,8729.86,8747.57,8510.42,8527.72,241529873
2017-10-12,8501.45,8549.6,8378.6,8426.32,332357373
2017-10-13,8452.63,8498.61,8341.55,8387.18,424700343
2017-10-16,8409.1,8468.43,8304.47,8363.48,418120801
2017-10-17,8371.36,8562.08,8354.68,8545.05,152316117
2017-10-18,8561.07,8695.64,8518.31,8652.42,183067561
2017-10-19,8667.36,8698.19,8533.85,8564.32,445859336
2017-10-20,8567.35,8661.18,8506.9,8600.5,427617658
2017-10-23,8597.85,8659.87,8503.64,8565.43,246573044
2017-10-24,8560.86,8595.56,8507.44,8542.06,306014793
2017-10-25,8569.49,8647.87,8484.57,8562.89,321839668
2017-10-26,8549.86,8691.09,8483.98,8624.64,350526574
2017-10-27,8611.83,8632.89,8574.88,8595.9,375113829
2017-10-30,8613.67,8707.66,8606.03,8699.93,261862641
2017-10-31,8716.06,8761.75,8549.08,8594.13,416979919
2017-11-01,8590.49,8660.32,8528.39,8598.17,167742096
2017-11-02,8608.16,8878.44,8577.85,8847.29,159730375
2017-11-03,8859.99,8928.8,8803.82,8872.54,437391732
2017-11-06,8850.25,9065.47,8801.66,9015.97,203152584
2017-11-07,9040.88,9140.6,8929.07,9028.65,448379498
2017-11-08,9041.61,9112.02,9019.64,9089.94,235788260
2017-11-09,9098.86,9176.68,9010.18,9087.9,259364054
2017-11-10,9101.09,9177.13,8998.69,9074.5,158393431
2017-11-13,9081.1,9133.61,8948.28,9000.33,433160378
2017-11-14,8989.37,9049.3,8986.62,9046.53,257789629
2017-11-15,9052.67,9112.04,8906.61,8965.41,200317887
2017-11-16,8975.41,9052.59,8957.57,9034.63,295002195
2017-11-17,9046.29,9257.35,8936.25,9146.1,196405334
2017-11-20,9147.54,9240.06,9094.35,9186.64,386932763
2017-11-21,9192.32,9303.51,9050.56,9161.39,171933551
2017-11-22,9142.63,9271.68,9082.2,9210.8,299766586
2017-11-23,9196.07,9236.15,9143.18,9183.21,267380822
2017-11-24,9182.3,9374.59,9090.09,9281.39,161153668
2017-11-27,9314.82,9383.23,9031.3,9098.12,165690675
2017-11-28,9091.27,9213.8,8945.95,9068.17,305598802
2017-11-29,9060.42,9099.26,8835.18,8873.22,268397156
2017-11-30,8841.72,8931.8,8641.89,8730.84,188923935
2017-12-01,8747.75,8982.81,8631.81,8865.32,191517128
2017-12-04,8840.68,9049.08,8748.96,8956.16,391447718
2017-12-05,8957.42,9032.82,8814.03,8888.86,369158338
2017-12-06,8859.57,8951.75,8654.52,8745.51,332336581
2017-12-07,8759.26,8810.8,8414.02,8463.82,400008794
2017-12-08,8474.74,8506.12,8385.43,8416.6,170792000
2017-12-11,8406.85,8683.9,8368.09,8644.06,356344628
2017-12-12,8612.03,8763.46,8538.09,8688.86,375758508
2017-12-13,8709.57,8743.5,8605.2,8638.86,210148245
2017-12-14,8644.87,8731.71,8599.89,8686.51,310910725
2017-12-15,8692.21,8728.0,8505.67,8540.83,380054457
2017-12-18,8525.74,8603.8,8438.34,8516.31,331041744
2017-12-19,8515.23,8631.95,8412.48,8529.04,224850059
2017-12-20,8529.83,8557.31,8496.91,8524.37,349425081
2017-12-21,8545.29,8669.82,8477.85,8601.93,377846579
2017-12-22,8614.44,8720.67,8531.98,8637.99,152912943
2017-12-25,8626.71,8753.85,8578.24,8704.94,320219272
2017-12-26,8701.96,8720.47,8624.12,8642.51,301383991
2017-12-27,8637.96,8818.71,8551.5,8731.32,260013754
2017-12-28,8735.47,8908.71,8718.33,8891.26,163271214
2017-12-29,8863.6,8961.05,8703.19,8799.94,175047713
2018-01-01,8798.35,8834.05,8682.15,8717.53,375050175
2018-01-02,8712.75,8862.98,8699.09,8849.11,398252852
2018-01-03,8874.29,8917.08,8791.43,8834.02,275776922
2018-01-04,8858.18,9029.2,8803.66,8973.97,431895876
2018-01-05,8999.63,9060.56,8873.39,8933.88,428298396
2018-01-08,8949.12,9154.51,8876.12,9080.44,349775333
2018-01-09,9091.76,9161.29,9027.72,9097.21,324276879
2018-01-10,9092.97,9233.89,8986.16,9126.69,439362469
2018-01-11,9110.13,9343.27,9055.35,9287.42,332939536
2018-01-12,9287.7,9354.64,9187.48,9254.18,430233425
2018-01-15,9246.23,9310.44,9098.46,9162.08,443694679
2018-01-16,9158.99,9170.47,9109.1,9120.54,208382520
2018-01-17,9120.71,9194.31,9096.1,9169.57,348203600
2018-01-18,9137.76,9196.34,8957.51,9015.3,369363704
2018-01-19,9024.1,9150.97,8955.7,9082.13,396024945
2018-01-22,9092.43,9094.27,9030.11,9031.93,254791445
2018-01-23,9007.35,9258.65,8899.98,9149.58,408481147
2018-01-24,9130.42,9201.93,8842.47,8912.27,296255208
2018-01-25,8900.03,8955.55,8783.58,8838.73,266049780
2018-01-26,8827.53,8895.37,8611.6,8678.29,197089629
2018-01-29,8680.67,8721.08,8562.84,8602.89,246360771
2018-01-30,8584.82,8688.48,8526.42,8629.77,442433828
2018-01-31,8608.84,8678.95,8546.14,8616.21,364859662
2018-02-01,8661.47,8748.52,8509.25,8595.64,367841214
2018-02-02,8607.99,8657.43,8534.73,8584.03,418694991
2018-02-05,8550.74,8624.16,8533.36,8606.66,230072492
2018-02-06,8628.75,8660.07,8483.71,8514.63,348464663
2018-02-07,8502.72,8631.48,8455.93,8584.24,404397127
2018-02-08,8566.0,8670.31,8546.13,8650.24,276744877
2018-02-09,8649.37,8719.24,8620.61,8690.34,406463829
2018-02-12,8677.46,8779.0,8645.73,8747.02,374260117
2018-02-13,8756.16,8825.6,8709.72,8779.04,381585961
2018-02-14,8775.9,9049.03,8707.53,8979.07,427709179
2018-02-15,8976.52,9022.89,8927.71,8974.06,387187843
2018-02-16,8982.51,9054.41,8875.72,8947.34,246432039
2018-02-19,8944.71,9000.54,8821.35,8876.76,306454584
2018-02-20,8862.88,8893.17,8749.5,8779.51,291750026
2018-02-21,8793.02,8857.51,8599.3,8662.84,169373945
2018-02-22,8670.73,8730.06,8522.89,8581.61,327962271
2018-02-23,8582.4,8651.83,8508.98,8578.37,281228459
2018-02-26,8594.41,8688.57,8519.35,8613.35,268003197
2018-02-27,8611.61,8709.24,8524.11,8621.64,182885629
2018-02-28,8625.58,8693.69,8484.94,8552.48,181712288
2018-03-01,8557.31,8698.84,8499.62,8640.59,340481197
2018-03-02,8627.88,8784.95,8557.96,8714.33,200302316
2018-03-05,8763.92,8806.65,8660.08,8702.51,193501939
2018-03-06,8703.75,8744.32,8603.2,8643.49,270330377
2018-03-07,8635.05,8791.59,8543.23,8699.09,266724681
2018-03-08,8687.38,8760.48,8647.61,8720.56,424481703
2018-03-09,8692.87,8725.27,8553.13,8585.13,170301970
2018-03-12,8555.8,8649.9,8488.25,8582.15,254807413
2018-03-13,8630.2,8672.49,8568.13,8610.32,370356363
2018-03-14,8581.61,8656.27,8454.35,8528.55,224937842
2018-03-15,8516.15,8634.39,8431.85,8549.77,444470898
2018-03-16,8544.95,8580.02,8381.82,8416.37,372858666
2018-03-19,8413.37,8614.12,8343.76,8543.44,433825712
2018-03-20,8539.55,8703.21,8501.04,8664.13,434739049
2018-03-21,8660.69,8679.61,8624.65,8643.53,182749239
2018-03-22,8650.4,8687.1,8644.86,8681.55,287737085
2018-03-23,8673.84,8745.64,8384.89,8454.88,373375447
2018-03-26,8460.0,8525.75,8285.82,8350.72,152581486
2018-03-27,8349.63,8429.03,8247.89,8327.07,285612843
2018-03-28,8342.47,8403.69,8171.78,8232.2,356444799
2018-03-29,8247.47,8368.67,8179.42,8300.18,387865908
2018-03-30,8292.89,8502.56,8276.56,8485.86,274518240
2018-04-02,8492.99,8557.86,8315.42,8379.42,408904499
2018-04-03,8397.7,8424.49,8279.08,8305.58,352093660
2018-04-04,8290.52,8391.89,8229.34,8330.41,163648686
2018-04-05,8329.23,8484.29,8326.37,8481.38,233314954
2018-04-06,8487.74,8491.5,8367.03,8370.73,431375511
2018-04-09,8354.91,8481.44,8270.9,8397.01,150722443
2018-04-10,8427.66,8588.76,8407.83,8568.6,182409182
2018-04-11,8562.95,8615.43,8364.77,8416.34,253348865
2018-04-12,8446.32,8484.51,8263.57,8301.1,361437702
2018-04-13,8293.19,8381.48,8177.75,8265.74,194298170
2018-04-16,8259.55,8327.0,8154.57,8221.72,267933984
2018-04-17,8197.43,8344.03,8152.45,8298.5,431862751
2018-04-18,8270.95,8347.46,8247.52,8323.88,215752241
2018-04-19,8337.85,8386.63,8116.92,8164.69,322644543
2018-04-20,8159.47,8245.08,8128.85,8214.24,289202059
2018-04-23,8210.62,8267.3,8108.97,8165.34,378137861
2018-04-24,8181.39,8298.61,8166.05,8283.08,375704556
2018-04-25,8269.3,8322.86,8175.91,8229.21,399985271
2018-04-26,8227.58,8286.9,8115.93,8174.87,185829925
2018-04-27,8179.25,8268.64,8137.65,8226.8,286153299
2018-04-30,8218.14,8342.82,8174.88,8299.14,357525610
2018-05-01,8318.2,8375.1,8286.56,8343.36,275699883
2018-05-02,8342.31,8396.96,8138.34,8192.0,350203207
2018-05-03,8217.57,8285.8,8175.66,8243.76,340729377
2018-05-04,8259.57,8339.65,8074.21,8153.27,261221363
2018-05-07,8152.23,8221.52,8108.47,8177.63,180037866
2018-05-08,8172.25,8215.01,8010.69,8052.83,441100857
2018-05-09,8066.59,8149.77,8012.6,8095.59,397798688
2018-05-10,8099.4,8120.65,8005.93,8026.99,418411589
2018-05-11,8011.46,8111.05,7818.54,7916.95,239946670
2018-05-14,7914.14,8011.62,7885.05,7982.28,244848444
2018-05-15,8005.13,8061.5,7950.33,8006.69,247031410
2018-05-16,8015.95,8060.73,7911.38,7955.82,159327327
2018-05-17,7950.75,8130.4,7907.09,8086.0,200911360
2018-05-18,8063.64,8109.9,8003.87,8050.04,446211652
2018-05-21,8054.81,8149.17,7961.76,8056.11,211416582
2018-05-22,8057.49,8091.26,8049.41,8083.16,302344238
2018-05-23,8081.64,8196.55,7917.1,8031.29,314175574
2018-05-24,8045.21,8104.94,8016.51,8076.13,257941183
2018-05-25,8085.68,8116.19,8001.66,8031.97,425623326
2018-05-28,8010.22,8049.91,7959.18,7998.81,177967952
2018-05-29,8000.28,8125.02,7997.21,8121.91,373117196
2018-05-30,8103.24,8152.11,7983.75,8032.19,241748746
2018-05-31,8025.63,8083.29,7766.02,7822.22,380317115
2018-06-01,7803.22,8028.81,7739.68,7963.96,441197815
2018-06-04,7945.11,8279.99,7858.28,8190.48,160962659
2018-06-05,8162.37,8184.6,8135.04,8157.24,158922831
2018-06-06,8164.05,8253.8,7898.92,7986.71,313249052
2018-06-07,7991.75,8053.19,7901.41,7962.63,429438279
2018-06-08,7962.91,7986.17,7917.55,7940.75,169010393
2018-06-11,7932.96,7951.72,7908.59,7927.33,383376816
2018-06-12,7907.06,7964.03,7776.97,7833.42,431581849
2018-06-13,7815.82,7941.37,7761.43,7886.49,295912428
2018-06-14,7865.96,7989.81,7811.77,7935.15,410080150
2018-06-15,7927.39,8008.41,7728.08,7807.88,377082213
2018-06-18,7812.93,7947.46,7737.09,7871.05,214256287
2018-06-19,7859.16,8101.59,7810.68,8051.93,406253757
2018-06-20,8036.13,8108.79,7997.88,8070.38,359810603
2018-06-21,8066.15,8096.98,8012.91,8043.66,153773633
2018-06-22,8024.11,8048.45,8009.99,8034.31,320406114
2018-06-25,7996.72,8114.81,7974.08,8091.9,346312858
2018-06-26,8102.06,8111.82,7931.52,7941.09,390407313
2018-06-27,7919.36,8049.14,7829.3,7958.63,381383785
2018-06-28,7948.49,8003.84,7872.43,7927.63,292695631
2018-06-29,7937.81,8156.57,7874.41,8091.93,239696493
2018-07-02,8067.3,8122.55,8024.49,8079.67,207531591
2018-07-03,8053.52,8340.93,7946.09,8231.14,176701419
2018-07-04,8204.88,8228.32,8111.26,8134.49,341953020
2018-07-05,8117.56,8202.66,8105.31,8190.29,437931056
2018-07-06,8212.45,8331.43,8103.49,8222.35,174084098
2018-07-09,8214.52,8231.27,8130.42,8147.03,360812999
2018-07-10,8110.58,8209.21,8067.86,8166.19,325376397
2018-07-11,8161.02,8311.87,8128.0,8278.37,201566258
2018-07-12,8282.04,8341.55,8192.9,8252.2,213811441
2018-07-13,8257.53,8299.25,8060.99,8101.92,235335523
2018-07-16,8084.06,8168.4,8019.41,8103.59,355480931
2018-07-17,8103.79,8174.01,7956.84,8026.39,239599649
2018-07-18,8039.07,8053.02,7985.5,7999.38,398412948
2018-07-19,7976.43,8025.25,7946.65,7995.4,260926546
2018-07-20,7978.51,8044.45,7783.71,7848.58,182857418
2018-07-23,7854.1,7927.12,7640.53,7712.24,178642538
2018-07-24,7718.35,7807.61,7667.21,7756.22,270080565
2018-07-25,7774.83,7832.43,7657.56,7714.72,272369896
2018-07-26,7715.77,7796.34,7421.85,7500.16,370056476
2018-07-27,7501.89,7606.41,7463.72,7567.91,293572008
2018-07-30,7555.23,7655.19,7493.96,7593.61,199110918
2018-07-31,7612.4,7656.92,7492.94,7537.02,213985003
2018-08-01,7556.73,7557.41,7430.19,7430.86,319957100
2018-08-02,7430.03,7546.26,7386.35,7502.15,250250286
2018-08-03,7491.24,7633.06,7392.72,7533.98,351551694
2018-08-06,7532.98,7771.39,7497.0,7734.45,426904755
2018-08-07,7734.85,7773.36,7734.79,7773.29,256438082
2018-08-08,7761.48,7879.45,7692.02,7809.55,315562922
2018-08-09,7799.73,7827.13,7770.94,7798.34,399594682
2018-08-10,7818.76,7950.4,7740.41,7871.52,213105608
2018-08-13,7879.66,7965.54,7843.14,7928.79,303197455
2018-08-14,7924.99,8069.98,7896.56,8041.14,241573617
2018-08-15,8025.14,8048.14,7975.31,7998.24,338098451
2018-08-16,7988.35,8011.49,7940.07,7963.13,372924465
2018-08-17,7938.23,7991.08,7871.59,7924.35,192261838
2018-08-20,7928.07,8085.23,7840.05,7996.45,206239823
2018-08-21,7985.76,8187.46,7930.75,8131.45,156948052
2018-08-22,8136.53,8179.16,8051.26,8093.66,153616842
2018-08-23,8105.71,8173.19,7991.98,8059.08,165224571
2018-08-24,8064.36,8132.48,8022.16,8090.15,362043224
2018-08-27,8084.36,8099.7,8056.2,8071.51,421176044
2018-08-28,8058.5,8193.0,8025.19,8159.27,272911333
2018-08-29,8140.93,8200.52,7902.16,7960.43,414792715
2018-08-30,7979.48,8005.62,7865.38,7891.23,368906227
2018-08-31,7895.7,7918.58,7803.79,7826.47,392277431
2018-09-03,7821.69,7852.42,7599.86,7629.83,209883627
2018-09-04,7639.02,7669.3,7522.08,7552.01,307009016
2018-09-05,7567.29,7607.12,7439.65,7479.01,307637595
2018-09-06,7469.29,7486.02,7448.73,7465.45,342482327
2018-09-07,7469.23,7625.5,7404.36,7559.84,388835130
2018-09-10,7563.97,7660.16,7446.57,7542.48,183793491
2018-09-11,7564.05,7602.46,7422.1,7459.98,352400754
2018-09-12,7455.23,7513.54,7399.99,7458.29,399910313
2018-09-13,7445.79,7619.04,7375.06,7547.34,184656358
2018-09-14,7552.8,7603.93,7418.78,7469.34,418662359
2018-09-17,7479.6,7563.14,7314.89,7397.51,157312356
2018-09-18,7400.04,7488.07,7358.15,7445.92,198204717
2018-09-19,7468.39,7534.88,7364.6,7430.75,391175598
2018-09-20,7425.98,7531.69,7381.31,7486.65,201538707
2018-09-21,7489.58,7542.64,7435.46,7488.52,360595141
2018-09-24,7468.2,7559.68,7457.95,7549.32,420302588
2018-09-25,7535.92,7559.32,7443.19,7466.38,299571251
2018-09-26,7456.77,7527.4,7397.83,7468.37,295385081
2018-09-27,7465.85,7515.04,7404.94,7454.05,278624855
2018-09-28,7435.8,7470.12,7323.38,7357.34,261867547
2018-10-01,7365.98,7423.32,7177.43,7233.75,264015851
2018-10-02,7223.26,7338.49,7176.42,7291.21,316097022
2018-10-03,7323.27,7366.82,7222.76,7265.98,418663732
2018-10-04,7255.9,7295.66,7147.8,7187.18,444419199
2018-10-05,7188.5,7228.37,7142.61,7182.45,409761397
2018-10-08,7182.0,7286.59,7170.0,7274.44,185889136
2018-10-09,7260.44,7300.75,7055.46,7094.85,242030937
2018-10-10,7092.5,7123.01,6950.86,6980.88,377084654
2018-10-11,6978.41,7021.56,6870.07,6912.81,313658802
2018-10-12,6925.1,7066.75,6885.62,7026.68,250297758
2018-10-15,7032.29,7082.19,7001.52,7051.34,243357064
2018-10-16,7059.4,7164.37,7009.09,7113.67,185114781
2018-10-17,7125.99,7184.0,6970.09,7027.3,249725519
2018-10-18,7035.57,7075.71,6903.96,6943.57,276580006
2018-10-19,6946.97,7044.71,6883.13,6980.55,274777715
2018-10-22,6971.45,7016.57,6942.76,6987.82,314625863
2018-10-23,6990.35,7083.75,6939.7,7032.79,231897340
2018-10-24,7021.2,7061.75,6980.54,7021.09,211788491
2018-10-25,7019.77,7049.93,7015.23,7045.38,416255367
2018-10-26,7042.28,7099.48,7003.35,7060.45,271580837
2018-10-29,7058.19,7196.68,6985.86,7123.68,226425241
2018-10-30,7106.36,7215.12,7081.3,7189.77,340702807
2018-10-31,7152.2,7184.8,7032.34,7064.53,312695219
2018-11-01,7058.94,7090.49,6861.91,6892.72,322934405
2018-11-02,6907.99,7031.26,6848.71,6971.43,216454688
2018-11-05,6972.52,7099.84,6938.43,7065.3,366948178
2018-11-06,7079.8,7121.86,6947.29,6988.81,207688078
2018-11-07,6977.37,6983.31,6842.79,6848.62,400921359
2018-11-08,6842.58,6915.5,6786.03,6858.82,277215082
2018-11-09,6890.05,6974.67,6847.44,6931.8,272742099
2018-11-12,6921.19,7088.93,6904.26,7071.63,266547185
2018-11-13,7079.44,7119.65,7074.44,7114.63,276890182
2018-11-14,7122.46,7182.66,7028.46,7088.38,349595380
2018-11-15,7094.57,7132.46,6984.07,7021.58,299007640
2018-11-16,7029.51,7075.29,6979.52,7025.27,188043594
2018-11-19,7014.34,7095.36,6924.04,7004.95,319906013
2018-11-20,7000.03,7058.32,6871.84,6929.54,230101949
2018-11-21,6896.02,7158.15,6828.24,7088.48,182496802
2018-11-22,7109.3,7274.54,7066.01,7230.51,401979305
2018-11-23,7238.59,7379.97,7183.03,7323.76,243790606
2018-11-26,7314.34,7370.23,7197.08,7252.5,328513034
2018-11-27,7240.77,7354.18,7210.55,7323.61,201567538
2018-11-28,7340.12,7443.91,7274.62,7378.07,251791717
2018-11-29,7367.65,7445.12,7339.66,7416.94,265755828
2018-11-30,7407.36,7583.52,7346.64,7521.86,442006221
2018-12-03,7506.82,7631.01,7453.74,7577.44,243480257
2018-12-04,7588.76,7685.98,7545.24,7642.15,324819286
2018-12-05,7657.59,7737.92,7618.64,7698.75,319655762
2018-12-06,7695.46,7754.41,7671.85,7730.69,278814455
2018-12-07,7746.42,7775.08,7554.05,7582.11,325682443
2018-12-10,7587.41,7636.04,7543.51,7592.12,319781068
2018-12-11,7576.13,7607.74,7517.21,7548.7,174019897
2018-12-12,7569.58,7619.58,7396.27,7445.45,350722966
2018-12-13,7430.42,7638.64,7379.03,7586.17,184262651
2018-12-14,7583.95,7860.02,7459.86,7733.48,280486038
2018-12-17,7737.89,7890.35,7700.3,7852.2,259413760
2018-12-18,7874.51,7881.15,7870.75,7877.39,284312941
2018-12-19,7878.88,8093.41,7784.46,7997.57,171570971
2018-12-20,7995.72,8008.24,7989.32,8001.83,360420338
2018-12-21,7995.5,8106.03,7912.64,8022.88,275569783
2018-12-24,8028.92,8056.89,7901.97,7929.59,168258774
2018-12-25,7918.73,8001.82,7884.51,7967.39,151059919
2018-12-26,7973.15,8055.75,7893.3,7975.87,312024170
2018-12-27,7992.66,8051.55,7806.83,7864.77,349877099
2018-12-28,7843.83,7879.35,7828.01,7863.49,314198343
2018-12-31,7871.88,7887.33,7844.31,7859.74,366134422
2019-01-01,7856.19,8073.72,7801.89,8018.3,377025678
2019-01-02,8000.05,8124.09,7976.63,8100.37,411589863
2019-01-03,8098.85,8165.51,8038.02,8104.63,444793425
2019-01-04,8121.84,8193.64,8058.32,8130.06,415438269
2019-01-07,8131.25,8167.87,8100.67,8137.26,388726435
2019-01-08,8119.83,8158.64,8083.56,8122.35,279291711
2019-01-09,8129.01,8186.0,7972.61,8028.89,301136583
2019-01-10,7995.17,8047.98,7966.05,8018.76,334813825
2019-01-11,8038.08,8088.22,7906.53,7956.16,200835953
2019-01-14,7933.61,8037.28,7747.34,7849.92,353295526
2019-01-15,7849.46,7953.69,7793.32,7897.2,326478291
2019-01-16,7903.51,7973.21,7864.81,7934.35,306058539
2019-01-17,7922.8,8020.77,7685.36,7781.58,400289665
2019-01-18,7797.2,7863.21,7708.38,7774.19,356149786
2019-01-21,7783.15,7885.96,7759.88,7862.45,429724219
2019-01-22,7882.54,7984.82,7855.18,7957.21,442953350
2019-01-23,7961.71,8058.89,7953.1,8050.18,397593113
2019-01-24,8017.32,8112.88,7961.56,8056.85,239372368
2019-01-25,8043.81,8044.07,7984.92,7985.18,206690581
2019-01-28,7993.81,8092.62,7795.62,7893.18,239793268
2019-01-29,7915.12,7967.7,7873.74,7926.26,363772759
2019-01-30,7926.4,8031.48,7857.73,7962.5,409288406
2019-01-31,7980.37,8118.58,7940.71,8078.44,414046484
2019-02-01,8078.99,8235.87,8023.23,8179.42,355194707
2019-02-04,8188.48,8234.34,8125.03,8170.79,354305089
2019-02-05,8168.83,8251.66,7980.48,8062.23,435581426
2019-02-06,8081.73,8141.8,7977.42,8037.16,355725612
2019-02-07,8064.79,8103.83,8020.56,8059.58,192292070
2019-02-08,8085.74,8147.41,7983.52,8044.88,300048685
2019-02-11,8097.51,8117.13,7977.59,7996.96,257602921
2019-02-12,7985.94,8080.62,7927.99,8022.41,341092866
2019-02-13,8028.78,8123.92,7886.56,7981.14,340750275
2019-02-14,7970.47,8039.94,7860.1,7929.2,238314215
2019-02-15,7947.63,8024.12,7883.14,7959.53,239909245
2019-02-18,7944.23,8025.45,7846.48,7927.52,237975128
2019-02-19,7947.01,8013.99,7885.03,7951.98,398314471
2019-02-20,7955.23,8032.34,7902.1,7979.06,346539260
2019-02-21,7977.8,8041.0,7819.79,7882.24,432943292
2019-02-22,7882.73,7909.96,7816.57,7843.67,427895760
2019-02-25,7827.22,8000.7,7797.91,7970.86,407046700
2019-02-26,7974.4,8021.6,7825.56,7872.16,250174066
2019-02-27,7875.55,7934.63,7634.31,7692.01,167245142
2019-02-28,7682.36,7762.24,7459.19,7537.56,178059045
2019-03-01,7533.52,7578.44,7498.12,7542.99,219318595
2019-03-04,7550.26,7553.97,7544.87,7548.57,234041516
2019-03-05,7536.63,7609.27,7469.23,7541.82,154617182
2019-03-06,7515.62,7717.07,7445.32,7645.57,402850612
2019-03-07,7668.67,7706.19,7387.52,7423.84,308101592
2019-03-08,7428.17,7528.94,7358.66,7459.14,346744352
2019-03-11,7452.18,7655.54,7388.06,7590.24,346066820
2019-03-12,7580.05,7614.67,7464.87,7499.11,440008273
2019-03-13,7487.13,7539.75,7418.28,7470.78,194199708
2019-03-14,7488.09,7528.88,7371.52,7411.9,252804305
2019-03-15,7393.06,7413.4,7321.74,7341.95,242514624
2019-03-18,7347.74,7432.48,7234.14,7318.54,315441636
2019-03-19,7324.3,7472.37,7288.85,7436.38,307856643
2019-03-20,7447.78,7629.74,7408.44,7589.65,387011466
2019-03-21,7583.91,7607.61,7541.01,7564.64,318191744
2019-03-22,7585.95,7738.69,7573.68,7726.19,220197582
2019-03-25,7738.52,7774.19,7696.67,7732.31,319420010
2019-03-26,7725.96,7971.9,7640.38,7884.56,439226992
2019-03-27,7873.3,7910.82,7842.12,7879.62,323659106
2019-03-28,7877.57,7951.3,7820.52,7894.13,327719301
2019-03-29,7887.16,7939.16,7877.07,7929.03,202799902
2019-04-01,7915.3,8290.27,7837.38,8209.46,152369268
2019-04-02,8210.68,8350.57,8150.31,8289.61,212876144
2019-04-03,8285.28,8318.6,8195.35,8228.44,157545982
2019-04-04,8256.05,8364.66,8211.17,8319.44,285675315
2019-04-05,8312.06,8389.27,8212.65,8289.65,414664804
2019-04-08,8277.68,8312.57,8213.54,8248.31,284023269
2019-04-09,8248.48,8384.06,8198.98,8334.05,343584458
2019-04-10,8338.37,8442.61,8236.02,8340.23,406687261
2019-04-11,8345.84,8378.62,8336.37,8369.12,378921755
2019-04-12,8374.59,8425.78,8322.56,8373.76,345187444
2019-04-15,8374.49,8464.76,8318.06,8408.11,385204800
2019-04-16,8407.63,8500.15,8358.51,8450.78,234168776
2019-04-17,8461.14,8498.15,8237.91,8274.1,276137932
2019-04-18,8258.42,8463.75,8133.95,8338.08,269697783
2019-04-19,8326.14,8378.6,8199.36,8251.35,389583373
2019-04-22,8226.66,8278.9,8072.15,8123.74,272632813
2019-04-23,8108.57,8159.72,8070.69,8121.77,431259733
2019-04-24,8138.74,8199.1,8072.21,8132.52,205985037
2019-04-25,8141.76,8147.35,8068.19,8073.73,201651332
2019-04-26,8103.39,8170.53,8083.75,8150.77,364850424
2019-04-29,8175.68,8249.79,7960.87,8033.69,379240919
2019-04-30,8042.96,8070.59,7973.46,8000.94,353710518
2019-05-01,8003.37,8040.08,7916.18,7952.67,242337602
2019-05-02,7953.13,7994.88,7910.02,7951.77,152739208
2019-05-03,7919.35,8054.07,7845.18,7979.34,246447900
2019-05-06,7978.05,8014.31,7858.19,7894.07,289989144
2019-05-07,7885.22,8016.44,7829.43,7960.12,273826455
2019-05-08,7945.89,7974.92,7939.81,7968.82,426614437
2019-05-09,7975.31,8035.58,7747.17,7806.17,409115855
2019-05-10,7803.05,7823.0,7621.58,7641.11,382510759
2019-05-13,7642.47,7655.41,7630.19,7643.13,156616820
2019-05-14,7627.43,7656.2,7598.84,7627.61,188224896
2019-05-15,7640.48,7678.01,7584.54,7621.98,280177862
2019-05-16,7615.16,7713.12,7524.81,7622.69,336505723
2019-05-17,7628.06,7698.29,7574.53,7644.65,354014294
2019-05-20,7639.0,7759.93,7606.83,7727.39,238885259
2019-05-21,7693.6,7762.12,7568.03,7636.04,183124637
2019-05-22,7642.89,7684.64,7499.46,7540.65,248450194
2019-05-23,7538.58,7600.46,7391.8,7452.98,387676079
2019-05-24,7429.81,7511.29,7398.38,7479.65,445970853
2019-05-27,7462.65,7670.89,7378.21,7585.07,432570779
2019-05-28,7598.35,7602.97,7547.52,7552.11,327970480
2019-05-29,7529.25,7571.44,7306.14,7347.31,177280446
2019-05-30,7340.37,7355.25,7197.91,7212.53,440316655
2019-05-31,7240.59,7290.82,7099.73,7149.33,195884441
2019-06-03,7156.12,7184.2,7080.43,7108.32,230489071
2019-06-04,7118.59,7153.18,7044.84,7079.24,442229167
2019-06-05,7075.22,7140.57,7019.8,7085.07,301165169
2019-06-06,7061.99,7139.83,6985.78,7063.61,209356692
2019-06-07,7066.19,7218.32,6996.63,7147.97,300632771
2019-06-10,7132.59,7155.64,7074.74,7097.67,173681902
2019-06-11,7081.18,7128.98,6985.71,7033.19,244704415
2019-06-12,7034.12,7105.63,7001.71,7073.05,435657760
2019-06-13,7058.7,7074.23,6941.09,6956.4,239570214
2019-06-14,6955.73,7021.17,6923.71,6989.0,417786812
2019-06-17,6979.42,7074.17,6905.15,6999.68,312881363
2019-06-18,6998.53,7067.19,6922.55,6991.13,346717641
2019-06-19,6983.67,7163.99,6936.64,7116.07,360898669
2019-06-20,7115.28,7121.73,7063.8,7070.21,315429278
2019-06-21,7090.41,7273.74,7050.74,7233.27,160289772
2019-06-24,7244.07,7271.19,7191.2,7218.23,425769808
2019-06-25,7215.85,7240.38,7095.52,7119.72,292507376
2019-06-26,7137.32,7186.81,7078.62,7128.04,346656022
2019-06-27,7133.28,7205.14,6975.52,7046.51,316163817
2019-06-28,7062.8,7121.4,6933.06,6991.06,347518997
2019-07-01,6971.18,7051.87,6943.9,7024.39,256408949
2019-07-02,7010.28,7127.98,6952.92,7070.13,403105669
2019-07-03,7072.54,7085.47,7011.72,7024.57,217295305
2019-07-04,7021.91,7114.45,7011.26,7103.67,345973703
2019-07-05,7102.92,7204.4,7095.57,7196.96,323373547
2019-07-08,7204.57,7365.72,7153.18,7313.55,301103066
2019-07-09,7341.46,7421.94,7278.73,7359.06,156590049
2019-07-10,7352.84,7535.55,7290.68,7472.38,266916449
2019-07-11,7451.49,7474.68,7297.99,7320.77,164264853
2019-07-12,7325.65,7329.13,7294.64,7298.1,300940167
2019-07-15,7297.56,7319.01,7210.16,7231.42,356328185
2019-07-16,7232.88,7263.84,7212.87,7243.79,306743594
2019-07-17,7249.94,7293.86,7157.53,7201.16,377115449
2019-07-18,7221.33,7264.8,7147.58,7190.88,258249564
2019-07-19,7179.82,7381.25,7142.06,7342.63,241841836
2019-07-22,7322.89,7384.78,7270.03,7331.86,284435522
2019-07-23,7340.51,7466.95,7242.09,7368.17,218739493
2019-07-24,7359.0,7397.24,7314.08,7352.29,390561579
2019-07-25,7343.82,7410.2,7295.08,7361.35,392918743
2019-07-26,7366.97,7409.99,7321.77,7364.78,274954010
2019-07-29,7380.78,7434.77,7350.16,7404.05,387768403
2019-07-30,7418.65,7559.05,7362.16,7501.92,157667929
2019-07-31,7501.74,7679.49,7463.82,7640.86,196434914
2019-08-01,7677.95,7705.2,7642.72,7669.94,234905796
2019-08-02,7674.51,7751.71,7645.74,7722.75,219522559
2019-08-05,7750.33,7817.45,7562.01,7628.07,303656863
2019-08-06,7617.73,7681.22,7560.3,7623.75,388074603
2019-08-07,7627.68,7739.95,7593.74,7705.66,286870348
2019-08-08,7717.34,7837.92,7662.02,7782.14,284787917
2019-08-09,7785.5,7849.21,7739.76,7803.37,167969286
2019-08-12,7810.09,7935.29,7757.86,7882.57,234093162
2019-08-13,7883.5,7960.6,7851.36,7928.28,393211465
2019-08-14,7955.14,8059.02,7932.47,8036.13,181281848
2019-08-15,8043.0,8105.57,8002.47,8064.92,155765041
2019-08-16,8093.31,8119.93,8010.16,8036.59,399305724
2019-08-19,8024.78,8094.44,7999.98,8069.5,202275252
2019-08-20,8074.72,8089.91,7797.9,7812.59,322364260
2019-08-21,7805.12,7852.21,7801.55,7848.62,398086445
2019-08-22,7852.4,7887.73,7502.87,7536.78,386198333
2019-08-23,7514.35,7583.91,7328.44,7396.91,315195518
2019-08-26,7377.56,7499.03,7315.66,7436.63,262992225
2019-08-27,7426.2,7559.47,7345.96,7478.66,382094932
2019-08-28,7489.88,7512.16,7364.05,7386.03,358420998
2019-08-29,7372.48,7430.11,7273.82,7331.13,401452804
2019-08-30,7327.28,7485.47,7287.04,7444.58,304154151
2019-09-02,7463.53,7491.54,7380.11,7407.92,432589046
2019-09-03,7409.28,7660.97,7343.6,7593.66,380922432
2019-09-04,7605.94,7647.94,7554.59,7596.53,169027379
2019-09-05,7592.14,7639.65,7586.19,7633.67,238167729
2019-09-06,7617.54,7826.55,7564.56,7772.49,389770422
2019-09-09,7770.35,7835.27,7721.98,7786.8,184823897
2019-09-10,7802.99,7822.01,7685.28,7704.06,362629844
2019-09-11,7700.42,7750.98,7647.3,7697.84,252173250
2019-09-12,7687.0,7777.15,7607.87,7697.91,212107680
2019-09-13,7711.9,7764.88,7533.31,7585.43,429510679
2019-09-16,7612.65,7624.09,7555.74,7567.11,419298197
2019-09-17,7567.0,7620.71,7455.06,7508.36,271260564
2019-09-18,7494.63,7640.08,7442.9,7587.71,151108354
2019-09-19,7570.92,7654.93,7509.81,7593.63,416283158
2019-09-20,7609.7,7661.57,7521.42,7573.05,419177210
2019-09-23,7544.99,7590.69,7521.6,7567.23,331534111
2019-09-24,7575.78,7634.85,7529.84,7588.83,338569588
2019-09-25,7547.94,7717.72,7474.51,7643.36,308024383
2019-09-26,7645.45,7672.53,7535.57,7562.36,153749264
2019-09-27,7577.41,7607.47,7449.07,7478.74,197857180
2019-09-30,7468.44,7626.19,7415.6,7572.61,193015278
2019-10-01,7599.58,7682.2,7459.31,7541.29,424298287
2019-10-02,7546.72,7602.47,7371.91,7426.78,164948768
2019-10-03,7438.53,7482.65,7421.95,7466.0,316998572
2019-10-04,7475.62,7535.55,7447.23,7507.04,258840599
2019-10-07,7511.83,7551.77,7344.38,7383.64,151827721
2019-10-08,7391.05,7452.29,7344.08,7405.24,425770598
2019-10-09,7359.72,7516.93,7311.62,7468.12,155485362
2019-10-10,7477.71,7556.91,7422.84,7501.86,406739971
2019-10-11,7500.32,7639.58,7418.37,7557.01,383289781
2019-10-14,7561.72,7617.02,7388.87,7443.3,388104834
2019-10-15,7458.85,7526.35,7405.98,7473.38,198580905
2019-10-16,7459.96,7469.77,7441.7,7451.5,414325483
2019-10-17,7444.39,7506.05,7353.49,7414.9,329621530
2019-10-18,7409.67,7551.81,7347.4,7488.88,270588816
2019-10-21,7491.1,7688.83,7417.21,7613.73,354324588
2019-10-22,7609.24,7824.55,7552.91,7767.06,252432648
2019-10-23,7774.92,7965.3,7693.24,7882.5,233809677
2019-10-24,7855.59,7912.56,7819.26,7876.14,236467874
2019-10-25,7889.5,7993.99,7805.58,7909.84,320794142
2019-10-28,7913.64,8020.6,7873.11,7979.73,330314174
2019-10-29,7991.81,8062.35,7923.03,7993.56,222077623
2019-10-30,7987.81,8064.24,7931.97,8008.25,223683288
2019-10-31,8027.16,8178.37,7933.47,8084.02,433894628
2019-11-01,8096.03,8145.68,8032.42,8081.98,304463867
2019-11-04,8081.11,8143.11,7958.85,8020.38,408051046
2019-11-05,8018.53,8071.2,7934.56,7987.02,249053134
2019-11-06,7970.12,8125.49,7891.29,8045.91,236412837
2019-11-07,8027.56,8087.26,7989.8,8049.39,234779223
2019-11-08,8050.97,8179.51,7954.57,8082.74,308644347
2019-11-11,8075.9,8178.15,8043.59,8145.55,383719406
2019-11-12,8136.57,8225.89,8026.14,8115.22,300189857
2019-11-13,8069.57,8210.46,8045.43,8185.97,238482100
2019-11-14,8230.69,8294.66,8159.44,8223.36,438006977
2019-11-15,8205.17,8253.37,8067.28,8114.95,321727754
2019-11-18,8116.05,8317.36,8046.75,8246.95,152905059
2019-11-19,8277.29,8336.6,8146.03,8204.82,318668266
2019-11-20,8195.96,8264.49,7991.34,8058.72,336318999
2019-11-21,8047.47,8070.81,7946.2,7969.31,428611978
2019-11-22,7941.26,7951.62,7872.7,7882.99,219210000
2019-11-25,7868.85,7910.13,7849.45,7890.67,198843315
2019-11-26,7895.61,7914.57,7851.15,7870.05,449787824
2019-11-27,7820.57,7866.54,7798.14,7844.04,315145680
2019-11-28,7836.64,7933.7,7803.85,7900.65,158061326
2019-11-29,7924.66,7966.34,7891.7,7933.35,181701876
2019-12-02,7947.32,8011.43,7900.09,7964.1,292618201
2019-12-03,7963.43,8031.15,7935.6,8003.19,335249679
2019-12-04,8002.25,8090.49,7972.6,8060.63,223110523
2019-12-05,8063.37,8106.04,7835.27,7876.95,259704960
2019-12-06,7862.07,7932.64,7778.08,7848.52,370874299
2019-12-09,7855.22,7891.8,7627.76,7663.44,440290821
2019-12-10,7665.67,7713.63,7621.6,7669.54,297318127
2019-12-11,7656.23,7719.88,7608.68,7672.22,274622754
2019-12-12,7662.69,7788.1,7638.44,7763.53,258339814
2019-12-13,7738.33,7906.8,7700.22,7868.05,190856291
2019-12-16,7876.98,7919.64,7846.13,7888.75,400199988
2019-12-17,7928.52,7997.16,7780.54,7848.49,161142008
2019-12-18,7868.96,7959.7,7802.97,7893.51,396260007
2019-12-19,7922.76,7951.59,7822.26,7850.83,224178478
2019-12-20,7810.62,7890.46,7774.21,7853.85,358457885
2019-12-23,7862.62,7993.45,7811.87,7942.19,435477233
2019-12-24,7946.56,8025.73,7817.96,7896.63,374643540
2019-12-25,7902.67,8036.7,7836.31,7969.78,368856985
2019-12-26,7954.8,8054.15,7933.21,8032.35,229414565
2019-12-27,8058.28,8109.07,7901.09,7951.2,329450503
2019-12-30,7941.29,8072.81,7908.45,8039.56,342616050
2019-12-31,8029.13,8135.95,7998.03,8104.56,277589430
2020-01-01,8083.76,8129.05,8071.64,8116.89,161405961
2020-01-02,8113.72,8147.97,8018.08,8052.07,423729933
2020-01-03,8069.9,8125.41,7924.3,7979.19,209067043
2020-01-06,7983.42,8013.52,7905.27,7935.19,442036462
2020-01-07,7933.27,8042.28,7877.07,7985.72,429683834
2020-01-08,7997.16,8042.89,7859.77,7904.97,371770589
2020-01-09,7922.03,7994.04,7874.31,7946.18,340224604
2020-01-10,7958.78,7994.83,7805.29,7840.82,219201762
2020-01-13,7812.39,7879.61,7759.23,7826.35,393834845
2020-01-14,7837.71,7899.49,7777.15,7838.92,183414926
2020-01-15,7845.54,8092.79,7806.67,8052.9,224606769
2020-01-16,8039.9,8101.45,7873.38,7934.11,434675833
2020-01-17,7940.88,8100.58,7906.6,8065.76,372851880
2020-01-20,8083.65,8110.74,8055.19,8082.28,183656299
2020-01-21,8072.85,8210.67,7984.78,8122.07,193224003
2020-01-22,8136.17,8176.25,8095.81,8135.89,227121014
2020-01-23,8140.56,8231.81,8087.94,8178.94,171168474
2020-01-24,8134.03,8195.18,8107.35,8168.39,204790197
2020-01-27,8167.56,8343.24,8127.29,8302.3,321528331
2020-01-28,8306.41,8384.39,8186.35,8263.94,152239146
2020-01-29,8258.62,8393.83,8235.28,8370.17,236234127
2020-01-30,8375.61,8417.65,8272.45,8314.19,244240432
2020-01-31,8311.59,8354.6,8269.0,8312.0,441260695
2020-02-03,8349.27,8355.3,8211.38,8217.32,442253661
2020-02-04,8210.93,8311.21,8161.76,8261.73,403641852
2020-02-05,8248.83,8469.41,8177.07,8396.37,252570991
2020-02-06,8410.03,8459.28,8343.43,8392.58,308192989
2020-02-07,8388.04,8435.55,8330.31,8377.76,301291463
2020-02-10,8376.01,8424.3,8230.67,8278.4,408052134
2020-02-11,8275.28,8331.2,8205.01,8260.83,373780735
2020-02-12,8273.27,8292.38,8100.65,8119.4,421972515
2020-02-13,8102.34,8108.45,8035.05,8041.11,315324030
2020-02-14,8055.05,8118.83,8000.67,8064.39,425759655
2020-02-17,8072.54,8198.63,8058.72,8184.62,373077452
2020-02-18,8213.84,8476.04,8179.56,8440.81,371648937
2020-02-19,8443.65,8515.96,8317.88,8389.72,348490760
2020-02-20,8373.16,8562.72,8336.65,8525.54,250699418
2020-02-21,8528.59,8676.43,8404.31,8551.81,332568906
2020-02-24,8556.96,8649.54,8448.6,8541.0,256975229
2020-02-25,8561.6,8646.05,8500.78,8585.06,344894672
2020-02-26,8568.08,8673.23,8489.43,8594.34,226437338
2020-02-27,8568.59,8701.21,8476.03,8608.22,389749308
2020-02-28,8611.66,8628.46,8556.27,8572.99,321410067
2020-03-02,8567.16,8635.37,8377.34,8444.58,363057418
2020-03-03,8440.57,8509.32,8236.93,8304.57,216537310
2020-03-04,8290.45,8384.99,8273.19,8367.56,387532476
2020-03-05,8366.37,8417.36,8294.58,8345.44,390781433
2020-03-06,8339.63,8420.37,8213.76,8294.06,193679291
2020-03-09,8279.96,8355.74,8222.5,8298.15,255004884
2020-03-10,8299.28,8385.17,8288.24,8374.03,353302119
2020-03-11,8351.94,8444.66,8301.53,8394.0,412063326
2020-03-12,8427.26,8492.47,8272.27,8336.78,371106573
2020-03-13,8308.01,8480.73,8280.33,8452.57,291508907
2020-03-16,8464.96,8651.91,8416.62,8602.78,239989929
2020-03-17,8622.42,8682.08,8593.46,8653.02,422990510
2020-03-18,8659.08,8823.87,8585.15,8749.16,412373198
2020-03-19,8741.33,8914.08,8700.06,8872.19,419047164
2020-03-20,8872.64,9054.57,8804.95,8986.03,241413480
2020-03-23,8985.77,9131.07,8905.6,9050.32,280927238
2020-03-24,9041.96,9131.87,9023.74,9113.51,223149635
2020-03-25,9149.54,9207.63,9111.24,9169.25,436362660
2020-03-26,9158.83,9211.97,9009.65,9062.24,410129044
2020-03-27,9063.46,9179.93,9019.59,9135.72,224105951
2020-03-30,9135.4,9189.12,8950.18,9003.12,315615034
2020-03-31,9006.27,9015.93,8918.45,8928.03,274650738
2020-04-01,8961.61,9109.98,8911.8,9059.62,287971135
2020-04-02,9070.14,9164.04,9053.22,9146.98,260376848
2020-04-03,9138.36,9337.34,9101.96,9300.29,352180615
2020-04-06,9327.63,9367.2,9236.87,9276.22,419418546
2020-04-07,9290.28,9327.9,9125.26,9162.36,425166578
2020-04-08,9154.06,9202.24,9093.67,9141.79,286570721
2020-04-09,9165.26,9168.29,9152.68,9155.71,398367425
2020-04-10,9131.62,9168.77,9130.17,9167.32,358292679
2020-04-13,9147.39,9318.42,9114.77,9285.31,209072507
2020-04-14,9255.33,9290.48,9216.99,9252.13,388211671
2020-04-15,9214.85,9319.03,9187.7,9291.66,255125159
2020-04-16,9313.96,9381.12,9128.03,9194.33,338371074
2020-04-17,9197.77,9271.2,9170.26,9243.55,366190681
2020-04-20,9215.15,9271.44,9191.35,9247.56,433108349
2020-04-21,9246.76,9326.33,9096.04,9174.99,434495425
2020-04-22,9191.55,9264.08,9082.61,9154.86,390752258
2020-04-23,9141.35,9196.87,9084.46,9139.97,301795800
2020-04-24,9134.1,9183.39,9067.27,9116.47,270061988
2020-04-27,9153.61,9304.38,9147.07,9297.74,282368294
2020-04-28,9293.38,9382.92,9201.87,9291.39,435243552
2020-04-29,9264.15,9307.9,9226.46,9270.18,211509934
2020-04-30,9260.38,9309.73,9011.72,9060.01,307372449
2020-05-01,9031.09,9101.41,8904.64,8974.52,353867517
2020-05-04,8986.48,9054.1,8884.77,8952.14,156773196
2020-05-05,8936.55,8992.49,8832.54,8888.18,340468249
2020-05-06,8872.19,9071.98,8827.81,9026.82,228003983
2020-05-07,9065.7,9122.7,8957.39,9014.06,234193654
2020-05-08,8992.65,9205.24,8933.83,9145.42,336518876
2020-05-11,9120.69,9177.28,9098.78,9155.28,152667100
2020-05-12,9136.22,9205.46,9093.58,9162.7,197044470
2020-05-13,9179.87,9250.87,9086.58,9157.41,286490900
2020-05-14,9166.99,9191.77,9136.69,9161.46,325220413
2020-05-15,9151.54,9401.98,9089.16,9338.33,182735748
2020-05-18,9326.6,9374.77,9056.77,9103.79,258479406
2020-05-19,9111.83,9156.97,8862.88,8907.0,242264227
2020-05-20,8911.02,9007.07,8761.88,8857.34,310315643
2020-05-21,8854.3,8946.83,8769.85,8862.3,240178990
2020-05-22,8872.22,8947.4,8858.04,8933.12,150562454
2020-05-25,8913.43,9014.62,8882.24,8983.18,309023074
2020-05-26,8967.82,9019.2,8897.54,8948.81,404526406
2020-05-27,8959.81,9141.1,8872.31,9052.7,325422653
2020-05-28,9058.28,9201.61,9016.04,9158.9,258577646
2020-05-29,9120.76,9238.14,9064.11,9181.11,294712241
2020-06-01,9181.58,9342.79,9121.46,9282.0,192047530
2020-06-02,9321.1,9411.72,9223.01,9313.56,220989327
2020-06-03,9328.18,9357.22,9230.92,9259.76,281374757
2020-06-04,9250.26,9387.89,9197.39,9334.54,327700873
2020-06-05,9320.06,9419.77,9250.15,9349.63,438866218
2020-06-08,9356.3,9381.89,9327.93,9353.51,341220813
2020-06-09,9375.9,9568.77,9316.76,9508.8,156897686
2020-06-10,9475.92,9531.31,9202.14,9256.25,307368732
2020-06-11,9261.46,9344.05,9034.31,9115.61,324841833
2020-06-12,9109.45,9186.74,8923.87,9000.22,163057074
2020-06-15,9003.59,9022.09,8949.43,8967.86,265505550
2020-06-16,8942.48,9030.14,8858.71,8946.33,411453696
2020-06-17,8967.73,9030.22,8740.24,8801.57,257068098
2020-06-18,8827.9,8908.85,8629.85,8709.71,286952679
2020-06-19,8721.62,8750.11,8602.53,8630.72,216348137
2020-06-22,8660.61,8934.95,8594.71,8867.48,173096331
2020-06-23,8860.63,9082.91,8825.23,9046.77,245460815
2020-06-24,9051.42,9060.35,9000.52,9009.41,381848470
2020-06-25,9022.02,9050.34,8948.8,8976.99,444949935
2020-06-26,8983.64,9023.48,8827.77,8867.1,348046325
2020-06-29,8862.41,8895.46,8652.14,8684.53,399266110
2020-06-30,8681.73,8783.03,8575.59,8676.84,344831331
2020-07-01,8700.87,8762.33,8524.43,8585.07,347616647
2020-07-02,8584.63,8657.88,8507.27,8580.49,278074200
2020-07-03,8599.88,8630.07,8403.28,8432.88,168362842
2020-07-06,8431.58,8436.08,8361.11,8365.57,273149118
2020-07-07,8384.37,8486.61,8280.37,8382.6,409462011
2020-07-08,8383.94,8422.88,8380.8,8419.72,310901590
2020-07-09,8429.97,8489.57,8402.26,8461.75,378590862
2020-07-10,8450.53,8517.11,8276.49,8342.23,165178323
2020-07-13,8346.47,8462.2,8308.62,8423.99,210374850
2020-07-14,8413.05,8466.7,8299.94,8353.21,239687329
2020-07-15,8346.37,8437.19,8324.07,8414.7,257802760
2020-07-16,8409.11,8476.16,8350.08,8417.08,446368252
2020-07-17,8414.09,8428.89,8278.42,8293.01,288576452
2020-07-20,8309.42,8327.84,8249.16,8267.49,348657746
2020-07-21,8260.11,8338.39,8225.91,8304.02,343335832
2020-07-22,8306.48,8427.61,8242.65,8363.33,275680249
2020-07-23,8382.18,8414.56,8321.44,8353.71,439898201
2020-07-24,8363.51,8553.78,8308.41,8497.81,216708930
2020-07-27,8468.72,8695.96,8369.62,8595.38,160359353
2020-07-28,8570.65,8636.79,8508.44,8574.55,373562808
2020-07-29,8581.24,8707.78,8522.66,8648.74,346141087
2020-07-30,8640.18,8911.12,8566.9,8836.17,228087092
2020-07-31,8808.59,9082.66,8757.48,9030.26,410388829
2020-08-03,9020.07,9055.87,8876.53,8911.89,198711031
2020-08-04,8919.53,9001.88,8743.15,8824.63,225290002
2020-08-05,8818.57,9047.15,8745.0,8972.3,196354470
2020-08-06,8973.19,9003.0,8841.97,8871.44,205873241
2020-08-07,8866.86,8912.1,8701.31,8745.93,368778983
2020-08-10,8733.74,8797.37,8639.25,8702.65,361045577
2020-08-11,8706.74,8757.1,8696.04,8746.36,342843076
2020-08-12,8717.47,8803.58,8654.06,8740.01,408228563
2020-08-13,8725.76,8786.02,8621.01,8680.96,170941829
2020-08-14,8694.52,8713.53,8601.2,8620.05,336127929
2020-08-17,8595.71,8690.47,8461.64,8555.95,184512844
2020-08-18,8561.97,8602.57,8436.4,8476.6,436699128
2020-08-19,8460.77,8731.58,8422.96,8692.74,340154060
2020-08-20,8672.04,8800.13,8597.02,8724.66,377978260
2020-08-21,8711.11,8895.05,8630.26,8813.25,321334830
2020-08-24,8806.19,8831.47,8744.2,8769.37,265100534
2020-08-25,8761.89,8778.3,8738.54,8754.94,355799718
2020-08-26,8752.82,8800.87,8642.02,8689.72,400725418
2020-08-27,8704.05,8707.02,8436.85,8439.73,203411672
2020-08-28,8459.34,8530.92,8244.81,8315.17,367976371
2020-08-31,8335.99,8384.69,8105.26,8152.89,175753183
2020-09-01,8169.42,8182.38,7941.77,7954.38,430828940
2020-09-02,7965.73,7995.09,7824.02,7852.97,204070061
2020-09-03,7827.04,7991.51,7806.47,7970.57,330315094
2020-09-04,7970.66,7998.77,7941.75,7969.86,188878343
2020-09-07,7975.85,8090.84,7971.27,8086.19,208839005
2020-09-08,8051.79,8208.19,7970.33,8125.98,342898339
2020-09-09,8140.67,8222.57,8117.45,8199.18,353863156
2020-09-10,8199.13,8273.4,8047.64,8121.21,356090469
2020-09-11,8128.02,8223.92,8075.63,8171.26,396064786
2020-09-14,8189.16,8271.41,8157.98,8240.03,164786323
2020-09-15,8240.54,8289.55,8142.35,8191.06,406286431
2020-09-16,8186.59,8284.58,8147.04,8244.75,240701608
2020-09-17,8245.95,8350.05,8195.62,8299.4,336192932
2020-09-18,8281.99,8351.61,8183.18,8252.55,421675530
2020-09-21,8236.43,8280.46,8110.34,8153.92,226645948
2020-09-22,8149.11,8206.76,7994.02,8050.98,273341796
2020-09-23,8016.86,8131.78,7947.33,8061.86,398498052
2020-09-24,8050.94,8172.27,7973.17,8094.08,409399601
2020-09-25,8086.34,8133.68,7979.77,8026.76,220565970
2020-09-28,8057.48,8099.12,7990.81,8032.32,302597803
2020-09-29,8052.22,8135.4,8002.96,8085.94,249999368
2020-09-30,8092.66,8194.73,8042.4,8144.16,305093396
2020-10-01,8157.97,8319.12,8125.8,8286.44,263747231
2020-10-02,8270.13,8440.49,8236.36,8406.16,151564896
2020-10-05,8407.83,8452.71,8272.54,8316.93,427356797
2020-10-06,8328.75,8558.3,8246.17,8474.28,341131221
2020-10-07,8457.74,8489.87,8396.16,8428.18,288500167
2020-10-08,8403.97,8631.54,8302.35,8528.42,182344153
2020-10-09,8533.61,8601.73,8470.13,8538.21,171380861
2020-10-12,8515.32,8566.38,8451.93,8502.91,293624524
2020-10-13,8511.57,8556.19,8293.54,8337.24,344726339
2020-10-14,8355.17,8463.25,8217.15,8324.84,228095056
2020-10-15,8309.07,8333.45,8161.36,8185.37,373317942
2020-10-16,8171.0,8365.27,8082.6,8275.74,267714889
2020-10-19,8292.99,8464.21,8246.61,8417.13,153321073
2020-10-20,8417.74,8447.63,8317.08,8346.71,311123206
2020-10-21,8361.57,8418.49,8320.93,8377.77,204320945
2020-10-22,8373.42,8438.95,8249.2,8314.28,154339234
2020-10-23,8311.15,8355.16,8216.38,8260.12,189033870
2020-10-26,8260.3,8403.69,8191.03,8333.8,235375074
2020-10-27,8361.24,8426.09,8268.96,8333.6,304458299
2020-10-28,8346.99,8542.29,8301.91,8496.4,446883580
2020-10-29,8484.38,8551.93,8387.42,8454.73,215487895
2020-10-30,8457.63,8565.87,8442.98,8551.06,167219737
2020-11-02,8545.44,8612.89,8496.3,8563.64,207378239
2020-11-03,8554.9,8732.29,8465.54,8642.03,245818046
2020-11-04,8650.32,8737.86,8515.92,8602.98,211574088
2020-11-05,8607.51,8661.25,8548.02,8601.73,246426442
2020-11-06,8585.61,8646.11,8533.79,8594.24,440717194
2020-11-09,8594.46,8610.78,8502.46,8518.64,263815776
2020-11-10,8509.45,8627.27,8466.64,8584.09,340415020
2020-11-11,8591.19,8712.78,8527.75,8648.92,355434275
2020-11-12,8638.86,8773.35,8574.88,8708.85,189042277
2020-11-13,8705.68,8882.68,8682.97,8859.57,224323139
2020-11-16,8850.98,9087.53,8769.23,9004.36,274714865
2020-11-17,8974.07,9030.95,8913.97,8970.82,288080803
2020-11-18,8999.27,9044.73,8965.81,9011.23,153953693
2020-11-19,9011.26,9030.08,8934.32,8953.02,343459070
2020-11-20,8982.15,9033.8,8907.38,8958.9,240207808
2020-11-23,8959.73,9049.89,8813.78,8903.38,246696617
2020-11-24,8915.16,9096.18,8885.08,9065.6,330901843
2020-11-25,9053.87,9173.65,8986.1,9105.5,434631774
2020-11-26,9094.13,9097.33,9084.11,9087.3,409488962
2020-11-27,9086.34,9224.61,9072.17,9210.25,443901790
2020-11-30,9240.02,9300.37,8935.29,8994.03,274050809
2020-12-01,8977.74,9012.79,8764.01,8798.36,185902070
2020-12-02,8765.11,8902.89,8741.43,8878.9,253145965
2020-12-03,8896.95,9009.9,8775.52,8888.36,240072243
2020-12-04,8901.27,8967.44,8850.32,8916.4,212391620
2020-12-07,8908.7,8936.59,8762.36,8789.87,195263006
2020-12-08,8826.08,8874.04,8743.37,8791.14,206036878
2020-12-09,8828.34,9079.91,8738.46,8988.4,347483379
2020-12-10,8957.11,9109.8,8921.26,9073.49,297293951
2020-12-11,9061.35,9146.44,9009.15,9094.06,161268277
2020-12-14,9092.96,9229.25,8918.07,9053.77,319148132
2020-12-15,9034.27,9094.68,8957.8,9018.1,402705866
2020-12-16,9029.22,9083.35,8757.67,8810.49,277695612
2020-12-17,8812.43,8864.32,8787.18,8838.99,245578399
2020-12-18,8840.87,8991.97,8774.26,8924.73,231766461
2020-12-21,8930.57,8999.43,8705.97,8773.62,263825376
2020-12-22,8798.4,8875.92,8636.52,8713.29,233586472
2020-12-23,8714.53,8736.19,8584.46,8605.84,427264203
2020-12-24,8595.51,8641.42,8472.4,8517.9,447638446
2020-12-25,8522.2,8565.24,8483.29,8526.31,252986194
2020-12-28,8510.36,8531.08,8313.93,8334.23,427103212
2020-12-29,8306.71,8438.32,8262.72,8393.88,406078106
2020-12-30,8369.21,8492.23,8344.11,8466.84,172769652
2020-12-31,8460.17,8477.03,8430.01,8446.84,297251102
2021-01-01,8453.26,8522.75,8152.15,8219.72,346965195
2021-01-04,8210.69,8249.19,8094.78,8132.92,276639338
2021-01-05,8141.66,8278.29,8110.25,8246.47,287063282
2021-01-06,8233.56,8312.52,7921.08,7997.77,298249840
2021-01-07,8011.92,8074.45,7908.19,7970.4,356644229
2021-01-08,7985.15,7985.7,7869.6,7870.13,238128976
2021-01-11,7891.44,7999.93,7834.81,7942.93,329088211
2021-01-12,7958.99,8015.99,7830.64,7887.12,223047312
2021-01-13,7887.9,7966.33,7847.08,7925.32,175401956
2021-01-14,7931.14,8018.2,7890.97,7977.79,170096494
2021-01-15,7991.64,8152.22,7981.72,8142.12,161318816
2021-01-18,8133.3,8232.0,8028.58,8127.2,254879373
2021-01-19,8117.03,8207.21,8074.14,8164.07,331874105
2021-01-20,8149.66,8206.77,7977.67,8033.97,445648237
2021-01-21,8022.14,8186.71,7978.48,8142.39,286393795
2021-01-22,8156.21,8188.05,8046.0,8077.53,204685604
2021-01-25,8090.27,8158.77,7962.94,8030.93,188200031
2021-01-26,8047.88,8099.56,7980.6,8032.18,291596175
2021-01-27,8084.25,8158.33,7824.94,7897.31,368691601
2021-01-28,7902.44,7947.05,7875.79,7920.34,160659861
2021-01-29,7918.8,8090.11,7837.4,8007.8,218568767
2021-02-01,8035.18,8120.67,7951.33,8036.8,351682064
2021-02-02,8049.42,8067.4,7881.91,7899.55,394648655
2021-02-03,7907.25,7925.24,7873.99,7891.95,382858748
2021-02-04,7868.47,8012.99,7815.62,7959.53,350964348
2021-02-05,7967.85,8037.26,7730.36,7798.28,358116471
2021-02-08,7806.04,7865.32,7650.66,7709.21,206286279
2021-02-09,7694.03,7830.89,7650.28,7786.62,190731204
2021-02-10,7763.15,7812.95,7763.07,7812.87,264375967
2021-02-11,7824.45,7880.77,7795.18,7851.4,332466569
2021-02-12,7865.1,8089.88,7791.76,8015.14,335449722
2021-02-15,8005.21,8122.29,7943.0,8059.66,383063004
2021-02-16,8049.0,8124.96,8045.28,8121.21,242548849
2021-02-17,8123.21,8405.0,8085.94,8366.61,409654981
2021-02-18,8359.25,8458.94,8250.7,8350.28,284744370
2021-02-19,8324.8,8384.31,8221.14,8280.34,223870572
2021-02-22,8263.86,8395.23,8191.76,8322.61,370625218
2021-02-23,8327.58,8425.85,8268.14,8366.13,188229228
2021-02-24,8350.32,8381.24,8290.19,8321.01,271593782
2021-02-25,8336.44,8430.74,8136.74,8229.84,384327133
2021-02-26,8237.74,8470.16,8210.5,8442.24,381332063
2021-03-01,8447.96,8588.55,8335.75,8475.96,226964503
2021-03-02,8477.7,8565.75,8323.73,8411.08,199965657
2021-03-03,8398.63,8549.11,8349.29,8499.19,159578843
2021-03-04,8509.72,8570.92,8431.31,8492.38,176812839
2021-03-05,8479.37,8509.65,8441.9,8472.16,397564069
2021-03-08,8488.9,8609.6,8407.63,8527.95,385081218
2021-03-09,8553.74,8651.35,8314.19,8410.17,301797340
2021-03-10,8412.43,8488.95,8369.81,8446.16,321032859
2021-03-11,8468.98,8697.48,8400.05,8627.26,247989939
2021-03-12,8610.31,8700.1,8585.35,8674.95,207613981
2021-03-15,8683.49,8730.97,8595.27,8642.52,153428731
2021-03-16,8642.07,8721.73,8518.52,8597.77,351565098
2021-03-17,8610.82,8696.84,8476.87,8562.4,160598233
2021-03-18,8529.33,8599.65,8471.67,8541.91,181507725
2021-03-19,8553.78,8565.92,8497.74,8509.83,387786981
2021-03-22,8498.68,8628.92,8469.12,8599.0,296911765
2021-03-23,8599.38,8692.97,8346.66,8438.5,215518899
2021-03-24,8472.64,8552.2,8442.5,8521.89,194916614
2021-03-25,8530.86,8596.35,8424.54,8489.71,289949921
2021-03-26,8496.29,8589.68,8435.14,8528.3,257551688
2021-03-29,8533.49,8627.89,8332.78,8425.99,310234816
2021-03-30,8444.57,8576.62,8420.76,8552.51,199591544
2021-03-31,8566.12,8748.37,8491.79,8673.11,219433595
2021-04-01,8678.58,8850.5,8597.05,8768.13,183864465
2021-04-02,8771.43,8829.33,8568.6,8625.54,277343947
2021-04-05,8627.63,8708.14,8627.16,8707.66,232892346
2021-04-06,8706.26,8784.88,8671.48,8749.92,217038221
2021-04-07,8729.16,8819.09,8510.33,8598.92,314852564
2021-04-08,8607.59,8658.46,8549.23,8600.06,299223848
2021-04-09,8590.34,8697.49,8531.17,8637.98,213001982
2021-04-12,8655.11,8724.87,8624.65,8694.28,359709744
2021-04-13,8694.19,8789.69,8619.38,8714.71,253101324
2021-04-14,8680.96,8797.08,8630.38,8746.11,252409612
2021-04-15,8738.6,8941.16,8689.68,8891.38,293379265
2021-04-16,8882.46,9072.66,8825.5,9014.85,191714158
2021-04-19,9049.53,9095.03,8690.23,8734.15,276008921
2021-04-20,8739.24,8843.98,8602.8,8707.14,324719029
2021-04-21,8697.57,8797.1,8595.35,8694.86,188588339
2021-04-22,8694.95,8793.6,8433.97,8530.76,319468654
2021-04-23,8543.56,8602.69,8483.88,8543.01,161659690
2021-04-26,8541.89,8699.54,8506.63,8663.78,331045995
2021-04-27,8665.09,8740.41,8489.25,8563.69,160637618
2021-04-28,8563.46,8642.23,8520.22,8598.8,202525442
2021-04-29,8594.49,8671.65,8439.17,8515.62,255053705
2021-04-30,8536.48,8570.62,8422.27,8456.09,334387555
2021-05-03,8444.78,8658.26,8384.5,8596.89,365640623
2021-05-04,8623.15,8704.54,8468.34,8549.02,290678361
2021-05-05,8527.62,8640.67,8483.21,8595.91,189376589
2021-05-06,8579.91,8624.5,8378.64,8422.41,266244707
2021-05-07,8449.44,8613.21,8434.8,8598.32,386094034
2021-05-10,8570.48,8689.19,8540.36,8658.76,177095206
2021-05-11,8663.73,8731.85,8576.87,8644.84,364702292
2021-05-12,8652.4,8785.94,8569.97,8703.03,265732263
2021-05-13,8672.34,8755.29,8489.56,8571.54,151183047
2021-05-14,8566.19,8757.65,8496.0,8686.47,358376159
2021-05-17,8663.48,8715.59,8606.9,8658.99,158024361
2021-05-18,8663.08,8745.09,8561.19,8643.01,208509964
2021-05-19,8615.61,8668.1,8547.33,8599.73,325196441
2021-05-20,8581.06,8645.56,8483.99,8548.24,166836273
2021-05-21,8561.53,8701.95,8477.1,8616.98,177314818
2021-05-24,8607.76,8720.6,8532.17,8644.68,309402931
2021-05-25,8668.21,8719.44,8658.93,8710.11,448181242
2021-05-26,8720.78,8798.18,8635.43,8712.76,161888178
2021-05-27,8708.25,8786.18,8687.63,8765.43,288224187
2021-05-28,8781.96,8803.05,8707.59,8728.55,390793751
2021-05-31,8725.43,8998.72,8674.13,8946.12,237226147
2021-06-01,8958.93,8995.84,8759.17,8795.41,297888620
2021-06-02,8783.36,8977.09,8728.06,8920.92,401605222
2021-06-03,8938.88,9175.24,8823.9,9058.72,368386309
2021-06-04,9031.41,9094.14,8915.07,8977.43,237963617
2021-06-07,8957.92,9284.5,8876.79,9201.17,375210765
2021-06-08,9183.89,9342.6,9147.38,9305.6,352729951
2021-06-09,9294.64,9463.03,9240.99,9408.73,302029181
2021-06-10,9414.81,9485.55,9344.66,9415.4,282339624
2021-06-11,9415.29,9434.22,9377.77,9396.66,427608862
2021-06-14,9410.34,9465.31,9324.0,9378.78,412284083
2021-06-15,9400.57,9459.35,9364.12,9422.82,447072232
2021-06-16,9392.62,9628.28,9337.23,9571.82,352614949
2021-06-17,9596.63,9658.84,9532.54,9594.74,257764405
2021-06-18,9590.91,9623.41,9470.18,9502.38,182884727
2021-06-21,9535.79,9620.28,9508.03,9592.36,187759242
2021-06-22,9578.44,9768.13,9504.59,9693.39,435358197
2021-06-23,9657.41,9863.02,9562.54,9767.07,258971453
2021-06-24,9779.27,9936.76,9694.21,9851.08,183132697
2021-06-25,9862.07,9916.48,9771.45,9825.66,217006169
2021-06-28,9804.77,9859.47,9674.89,9729.18,156264484
2021-06-29,9710.2,9782.63,9568.26,9640.16,309301700
2021-06-30,9655.71,9756.43,9371.8,9470.59,327285928
2021-07-01,9477.63,9582.4,9394.47,9499.06,263516280
2021-07-02,9493.41,9537.48,9450.07,9494.14,373236661
2021-07-05,9503.13,9549.13,9406.23,9451.99,294134824
2021-07-06,9457.08,9483.71,9122.7,9148.47,437981694
2021-07-07,9132.33,9204.54,8955.24,9026.6,378956272
2021-07-08,9042.61,9169.32,9015.09,9141.51,172591190
2021-07-09,9153.77,9194.06,9038.37,9078.33,232206292
2021-07-12,9078.63,9211.44,8985.57,9117.97,376267983
2021-07-13,9132.7,9209.3,8906.8,8982.14,311242417
2021-07-14,9016.43,9163.37,8981.37,9127.88,375965671
2021-07-15,9109.88,9152.02,9074.96,9117.07,250548374
2021-07-16,9112.43,9159.53,9102.73,9149.8,161442200
2021-07-19,9146.01,9428.53,9106.07,9387.55,385488259
2021-07-20,9402.26,9615.27,9335.91,9547.89,385508833
2021-07-21,9536.42,9610.52,9445.55,9519.51,341860989
2021-07-22,9533.28,9568.5,9426.25,9461.2,271309992
2021-07-23,9451.87,9458.26,9424.73,9431.11,152551419
2021-07-26,9410.54,9523.57,9375.03,9487.78,368356092
2021-07-27,9489.19,9519.21,9450.6,9480.59,348015402
2021-07-28,9470.86,9492.87,9421.22,9443.16,350297859
2021-07-29,9446.4,9669.2,9377.65,9599.35,201048602
2021-07-30,9607.07,9665.07,9533.22,9591.13,369365696
2021-08-02,9561.56,9878.3,9521.98,9837.57,407244637
2021-08-03,9829.56,9898.52,9782.48,9851.33,320201599
2021-08-04,9852.81,10152.0,9751.55,10048.73,369462927
2021-08-05,10065.06,10122.91,10034.48,10092.25,270444803
2021-08-06,10105.94,10284.01,10025.9,10203.19,359002313
2021-08-09,10186.74,10273.8,10039.4,10125.94,358219928
2021-08-10,10122.7,10140.62,10017.14,10034.9,383877024
2021-08-11,10044.03,10156.76,9977.23,10089.66,406977985
2021-08-12,10085.06,10263.48,10025.69,10203.41,150955997
2021-08-13,10188.73,10291.97,10108.95,10212.01,383623114
2021-08-16,10211.12,10277.49,10006.13,10071.59,387744622
2021-08-17,10078.78,10104.35,9899.75,9924.92,313613782
2021-08-18,9907.17,9913.41,9766.93,9773.08,305889142
2021-08-19,9784.12,9807.24,9564.31,9586.97,366808296
2021-08-20,9589.51,9670.65,9521.3,9602.35,286587057
2021-08-23,9613.91,9748.24,9590.96,9725.02,274174366
2021-08-24,9723.75,9834.58,9616.69,9727.48,391007521
2021-08-25,9760.83,9848.3,9404.45,9489.5,386707836
2021-08-26,9495.9,9524.24,9445.11,9473.38,212082177
2021-08-27,9487.0,9539.42,9407.93,9460.21,398715567
2021-08-30,9470.81,9721.81,9431.97,9682.1,247947481
2021-08-31,9678.75,9741.59,9468.91,9530.79,191188151
2021-09-01,9535.48,9606.82,9422.62,9493.64,413524581
2021-09-02,9482.64,9694.64,9463.96,9675.58,221409407
2021-09-03,9707.02,9858.35,9576.29,9727.34,210890728
2021-09-06,9736.05,9811.37,9716.3,9791.51,230996621
2021-09-07,9776.37,9881.59,9702.78,9807.77,297463704
2021-09-08,9834.07,9870.54,9810.85,9847.29,199824515
2021-09-09,9844.84,10000.91,9779.98,9935.46,197866948
2021-09-10,9952.64,10002.09,9802.01,9850.96,267760502
2021-09-13,9820.15,10028.29,9742.93,9950.05,215381251
2021-09-14,9972.43,10029.8,9747.36,9803.75,207909963
2021-09-15,9811.7,9888.13,9766.79,9843.09,423649060
2021-09-16,9826.44,9955.96,9737.22,9866.38,328661793
2021-09-17,9874.02,9947.79,9730.19,9803.44,154144895
2021-09-20,9832.89,9860.77,9777.11,9804.91,180484632
2021-09-21,9794.09,9857.49,9678.62,9741.69,394181474
2021-09-22,9730.69,9811.94,9550.33,9630.74,230975745
2021-09-23,9627.13,9656.23,9568.13,9597.13,195719199
2021-09-24,9598.4,9660.89,9422.67,9484.43,349656193
2021-09-27,9502.16,9590.26,9433.94,9521.9,401408477
2021-09-28,9530.68,9597.02,9339.78,9405.25,269563536
2021-09-29,9401.71,9519.19,9365.5,9482.67,372862983
2021-09-30,9488.15,9535.59,9316.4,9363.22,276438822
2021-10-01,9394.87,9489.06,9215.31,9308.64,182642750
2021-10-04,9320.42,9386.93,9182.42,9248.41,389377575
2021-10-05,9246.78,9407.73,9226.28,9386.92,425684565
2021-10-06,9382.86,9484.19,9323.71,9424.78,445353465
2021-10-07,9429.1,9498.96,9336.91,9406.6,180018409
2021-10-08,9423.93,9499.09,9386.95,9461.96,319520334
2021-10-11,9449.04,9546.86,9150.7,9246.43,337025964
2021-10-12,9260.68,9305.39,9201.1,9245.74,173720151
2021-10-13,9243.76,9506.39,9191.14,9452.59,435494317
2021-10-14,9453.19,9540.38,9383.06,9470.13,180870892
2021-10-15,9518.15,9580.67,9418.71,9481.0,440550216
2021-10-18,9493.56,9550.93,9484.63,9541.95,316829788
2021-10-19,9532.7,9733.15,9440.36,9639.77,353770473
2021-10-20,9647.53,9716.68,9364.22,9431.82,298112449
2021-10-21,9444.54,9555.55,9152.2,9261.05,375740735
2021-10-22,9224.09,9384.23,9126.7,9286.18,174440822
2021-10-25,9234.7,9316.09,9135.64,9216.87,352729127
2021-10-26,9216.71,9363.4,9207.04,9353.58,169991389
2021-10-27,9361.93,9450.42,9236.75,9324.89,203885280
2021-10-28,9331.68,9404.04,9059.39,9130.19,301873677
2021-10-29,9122.67,9126.47,9002.75,9006.49,284508648
2021-11-01,9018.96,9120.41,8639.39,8737.68,195763104
2021-11-02,8757.42,8757.74,8718.36,8718.67,389424131
2021-11-03,8692.26,8734.23,8662.16,8704.09,240559490
2021-11-04,8676.36,8729.57,8613.79,8666.94,409908888
2021-11-05,8673.76,8788.25,8658.93,8773.26,154498122
2021-11-08,8786.89,8961.82,8718.33,8892.43,221200654
2021-11-09,8882.68,8931.38,8830.64,8879.32,239055774
2021-11-10,8844.7,8888.95,8630.97,8674.37,328788537
2021-11-11,8674.5,8793.59,8618.06,8736.74,197130570
2021-11-12,8743.36,8852.82,8684.5,8793.61,321319412
2021-11-15,8788.96,8887.6,8728.68,8827.05,437483061
2021-11-16,8844.74,8976.88,8794.21,8925.89,190100109
2021-11-17,8931.55,8980.16,8767.12,8815.09,225661286
2021-11-18,8803.68,9081.61,8737.05,9013.39,293547226
2021-11-19,9003.39,9067.84,8858.01,8921.87,367990538
2021-11-22,8922.38,9044.76,8876.98,8998.97,190983451
2021-11-23,8993.07,9033.32,8796.0,8835.54,219333883
2021-11-24,8806.46,8869.42,8686.12,8748.66,220556611
2021-11-25,8752.72,8974.16,8677.89,8898.09,334816182
2021-11-26,8888.63,8992.51,8772.39,8876.12,174723856
2021-11-29,8869.37,8991.92,8839.44,8961.67,347779292
2021-11-30,8943.86,8995.79,8936.72,8988.62,277640274
2021-12-01,9016.17,9107.35,8891.0,8981.83,408646591
2021-12-02,8992.63,9150.38,8962.84,9120.18,395650159
2021-12-03,9153.21,9198.48,9055.08,9100.08,390883137
2021-12-06,9095.19,9188.97,8833.43,8925.47,415611269
2021-12-07,8937.23,9049.87,8738.63,8850.18,406520979
2021-12-08,8854.58,8950.21,8812.0,8907.38,202797499
2021-12-09,8896.48,8953.8,8892.39,8949.69,249239465
2021-12-10,8944.7,9029.09,8715.99,8799.0,373302077
2021-12-13,8809.54,8862.93,8679.48,8732.41,323301252
2021-12-14,8715.03,8773.26,8622.04,8680.03,317847226
2021-12-15,8697.61,8761.03,8585.54,8648.6,262939774
2021-12-16,8651.49,8682.71,8490.41,8521.16,327788497
2021-12-17,8535.94,8564.93,8436.93,8465.67,292531678
2021-12-20,8472.16,8588.32,8286.02,8401.21,293227525
2021-12-21,8375.87,8520.59,8331.68,8475.87,325716254
2021-12-22,8475.74,8594.16,8436.64,8554.7,330078344
2021-12-23,8572.43,8636.02,8481.02,8544.4,248988607
2021-12-24,8547.0,8618.73,8439.55,8510.97,190696247
2021-12-27,8511.26,8659.99,8378.99,8527.48,239867718
2021-12-28,8530.06,8586.23,8398.61,8454.29,272654169
2021-12-29,8425.37,8462.18,8314.53,8351.02,198277241
2021-12-30,8370.18,8386.87,8251.51,8267.99,203301528
2021-12-31,8232.31,8282.5,8163.48,8213.56,435296757
2022-01-03,8236.08,8286.54,8062.03,8111.73,234031659
2022-01-04,8106.28,8132.88,8102.83,8129.43,371694592
2022-01-05,8136.79,8263.39,8071.82,8197.94,188344360
2022-01-06,8168.73,8245.54,7982.32,8058.1,441690911
2022-01-07,8070.44,8146.28,7987.78,8063.55,213748681
2022-01-10,8072.96,8137.23,7983.2,8047.27,268157566
2022-01-11,8055.65,8150.25,7986.32,8080.72,384578776
2022-01-12,8051.32,8094.9,8039.27,8082.8,210430403
2022-01-13,8070.9,8116.18,7912.15,7956.79,314950938
2022-01-14,7962.97,8018.5,7794.74,7849.48,385650493
2022-01-17,7867.02,7941.33,7780.97,7855.16,157092935
2022-01-18,7841.46,8000.57,7788.8,7947.2,157610552
2022-01-19,7933.72,7976.84,7714.65,7756.82,386557345
2022-01-20,7761.81,7822.34,7729.0,7789.42,228822608
2022-01-21,7826.98,7955.25,7766.72,7894.46,422840518
2022-01-24,7885.06,7977.96,7791.44,7884.33,428218091
2022-01-25,7878.85,7985.97,7828.45,7935.2,414128782
2022-01-26,7927.47,8014.33,7790.71,7877.01,449033952
2022-01-27,7875.36,7926.14,7819.07,7869.82,396905064
2022-01-28,7888.76,7949.95,7672.68,7732.65,265043651
2022-01-31,7731.81,7803.95,7466.01,7536.33,447664932
2022-02-01,7574.59,7670.46,7521.93,7617.5,253760556
2022-02-02,7619.28,7668.9,7488.93,7538.01,325920586
2022-02-03,7557.77,7589.53,7471.72,7503.26,151714176
2022-02-04,7499.08,7509.49,7381.57,7391.83,438776288
2022-02-07,7374.32,7407.12,7247.77,7280.14,327555389
2022-02-08,7279.32,7361.63,7186.94,7269.13,434653269
2022-02-09,7276.92,7300.67,7190.16,7213.7,255848938
2022-02-10,7203.2,7319.94,7130.27,7246.58,243971619
2022-02-11,7262.91,7329.88,7218.72,7285.55,306722132
2022-02-14,7279.1,7382.75,7210.86,7314.18,409030126
2022-02-15,7299.65,7388.95,7247.26,7336.3,314668169
2022-02-16,7369.64,7515.96,7320.89,7466.56,387741799
2022-02-17,7454.98,7508.88,7328.48,7381.86,214333997
2022-02-18,7374.92,7393.77,7361.52,7380.35,382739633
2022-02-21,7390.7,7545.18,7321.57,7475.26,369738253
2022-02-22,7470.61,7619.14,7434.24,7582.23,418884231
2022-02-23,7567.65,7609.65,7425.24,7466.68,167291170
2022-02-24,7458.29,7480.41,7421.93,7444.02,265257002
2022-02-25,7472.19,7614.13,7416.9,7558.2,176610259
2022-02-28,7566.85,7669.24,7501.4,7603.47,270016489
2022-03-01,7615.19,7659.13,7578.94,7622.84,377669535
2022-03-02,7626.99,7666.6,7568.13,7607.64,342015692
2022-03-03,7614.31,7667.8,7525.32,7578.56,375898379
2022-03-04,7572.76,7620.92,7557.52,7605.62,371341361
2022-03-07,7607.84,7648.83,7546.67,7587.55,447674712
2022-03-08,7558.86,7644.11,7502.0,7587.03,413921130
2022-03-09,7601.68,7704.95,7493.42,7596.62,325874678
2022-03-10,7590.68,7623.96,7509.93,7543.0,412753596
2022-03-11,7526.26,7640.46,7476.39,7590.17,164373071
2022-03-14,7593.24,7864.47,7566.16,7836.52,366401887
2022-03-15,7833.78,7834.28,7685.98,7686.48,306610335
2022-03-16,7700.72,7745.41,7672.32,7716.95,437067833
2022-03-17,7716.41,7729.68,7642.34,7655.5,301127046
2022-03-18,7646.59,7746.97,7607.12,7707.19,203588585
2022-03-21,7707.02,7771.61,7649.68,7714.22,367232508
2022-03-22,7736.42,7845.75,7673.0,7781.95,435101954
2022-03-23,7796.93,7967.22,7716.32,7885.69,154852970
2022-03-24,7894.68,7952.1,7848.18,7905.54,169257444
2022-03-25,7921.49,8080.96,7848.46,8007.14,348386024
2022-03-28,8017.53,8030.65,7791.1,7803.86,316686564
2022-03-29,7790.73,7984.62,7750.41,7943.51,314581044
2022-03-30,7955.9,8026.83,7908.67,7979.46,177059087
2022-03-31,7997.61,8157.6,7918.06,8077.26,321630939
2022-04-01,8096.63,8174.5,7895.44,7972.11,320400292
2022-04-04,7955.57,8014.83,7843.59,7902.44,404783812
2022-04-05,7892.84,7926.63,7884.53,7918.29,267032913
2022-04-06,7913.74,7998.97,7834.8,7919.97,254371240
2022-04-07,7927.27,8043.6,7831.72,7947.8,174482829
2022-04-08,7950.62,8153.15,7844.53,8045.8,320069328
2022-04-11,8048.65,8097.49,7844.9,7892.79,344435041
2022-04-12,7872.59,8054.96,7799.13,7980.49,234217797
2022-04-13,7972.48,8016.82,7940.12,7984.41,369359399
2022-04-14,8004.87,8080.71,7894.2,7969.71,431415898
2022-04-15,7987.75,8027.0,7805.38,7843.93,321808410
2022-04-18,7843.13,7936.39,7797.48,7890.47,358331015
2022-04-19,7902.82,7987.07,7602.17,7684.09,155539682
2022-04-20,7689.75,7834.29,7598.05,7741.97,203714264
2022-04-21,7755.86,7796.93,7577.65,7618.0,268690374
2022-04-22,7630.62,7715.46,7540.74,7625.52,191218934
2022-04-25,7656.0,7729.2,7545.74,7618.58,256654470
2022-04-26,7618.97,7760.94,7578.21,7719.64,194208979
2022-04-27,7728.53,7813.71,7622.6,7707.55,418986012
2022-04-28,7714.24,7771.05,7595.44,7651.79,329723540
2022-04-29,7652.57,7690.96,7574.02,7612.21,248751537
2022-05-02,7609.74,7771.3,7560.99,7721.84,383637242
2022-05-03,7748.37,7811.51,7707.45,7770.48,155524978
2022-05-04,7771.29,7797.75,7714.28,7740.62,329068110
2022-05-05,7751.72,7830.01,7645.58,7723.59,355032968
2022-05-06,7748.68,7799.9,7543.34,7593.53,392805435
2022-05-09,7602.25,7671.28,7560.14,7629.02,216682091
2022-05-10,7637.07,7690.09,7432.43,7484.39,327443202
2022-05-11,7485.26,7597.69,7437.25,7549.27,380303326
2022-05-12,7556.1,7601.68,7517.43,7562.97,389196374
2022-05-13,7559.31,7850.93,7475.23,7764.58,202694818
2022-05-16,7806.67,7825.3,7655.4,7673.72,442956750
2022-05-17,7654.39,7692.11,7630.44,7668.12,232189500
2022-05-18,7666.54,7890.83,7599.94,7822.87,267287942
2022-05-19,7832.13,7980.19,7781.09,7928.52,207617632
2022-05-20,7936.91,7968.05,7840.09,7870.98,194982653
2022-05-23,7867.13,7940.4,7820.41,7893.52,226639071
2022-05-24,7868.51,7916.72,7848.71,7896.85,190619043
2022-05-25,7879.13,7990.21,7813.8,7924.5,369830347
2022-05-26,7928.39,7990.49,7805.14,7866.76,329243278
2022-05-27,7837.82,7874.36,7825.68,7862.18,267008494
2022-05-30,7872.61,7891.0,7709.07,7727.12,314130919
2022-05-31,7746.05,7750.15,7737.59,7741.7,331260807
2022-06-01,7754.76,7809.07,7728.9,7783.12,205270613
2022-06-02,7799.44,7921.31,7645.41,7766.76,414631488
2022-06-03,7731.45,7793.97,7570.17,7631.89,153629222
2022-06-06,7604.29,7774.12,7548.92,7717.93,437024510
2022-06-07,7714.73,7801.49,7665.44,7751.96,439286690
2022-06-08,7737.83,7802.37,7628.98,7693.15,225964692
2022-06-09,7670.87,7747.1,7596.27,7672.48,246213335
2022-06-10,7666.2,7679.94,7535.37,7548.9,212064879
2022-06-13,7572.98,7616.89,7423.48,7466.77,318197350
2022-06-14,7495.26,7567.7,7353.83,7425.59,214176555
2022-06-15,7413.73,7572.15,7371.14,7528.9,387204630
2022-06-16,7530.72,7610.39,7399.83,7478.95,266226458
2022-06-17,7485.49,7583.8,7436.62,7534.61,440230132
2022-06-20,7531.59,7575.64,7449.18,7493.0,405968152
2022-06-21,7512.55,7561.62,7467.4,7516.44,270394273
2022-06-22,7510.5,7542.84,7475.42,7507.75,328788182
2022-06-23,7499.44,7596.46,7485.99,7582.86,157315783
2022-06-24,7571.48,7650.94,7462.13,7541.28,170266029
2022-06-27,7538.17,7599.33,7353.7,7413.85,301808240
2022-06-28,7377.1,7433.94,7247.84,7304.12,291893725
2022-06-29,7301.76,7335.02,7231.21,7264.3,269488889
2022-06-30,7266.93,7299.72,7135.06,7167.4,177099504
2022-07-01,7136.95,7265.75,7074.39,7202.61,401959817
2022-07-04,7206.11,7242.56,7132.33,7168.59,271864234
2022-07-05,7154.74,7370.41,7143.36,7358.7,291003801
2022-07-06,7362.0,7441.8,7142.71,7220.99,271056042
2022-07-07,7223.92,7253.46,7210.54,7240.05,299204688
2022-07-08,7243.31,7285.61,7111.34,7153.11,344505799
2022-07-11,7165.48,7221.51,7061.5,7117.15,379194983
2022-07-12,7074.65,7185.52,7020.63,7131.07,314836190
2022-07-13,7116.76,7129.11,6939.46,6951.52,199791847
2022-07-14,6948.9,7022.84,6898.64,6972.41,412426434
2022-07-15,6949.53,7178.92,6893.14,7121.14,235389073
2022-07-18,7132.01,7175.81,7044.94,7088.47,154882554
2022-07-19,7076.17,7133.34,7054.51,7111.57,161712050
2022-07-20,7126.16,7205.14,7115.71,7194.59,382199646
2022-07-21,7209.9,7249.59,7144.94,7184.49,266087382
2022-07-22,7183.11,7189.4,7135.2,7141.45,156797502
2022-07-25,7139.35,7195.33,6910.92,6965.53,241286948
2022-07-26,6946.92,7070.04,6894.84,7017.43,443386283
2022-07-27,7018.68,7047.24,6982.98,7011.5,413898941
2022-07-28,7023.49,7027.75,6932.0,6936.2,164450176
2022-07-29,6941.01,7024.09,6865.65,6948.64,357124251
2022-08-01,6968.65,7018.61,6857.29,6906.8,330964922
2022-08-02,6902.64,6930.89,6841.31,6869.42,201599003
2022-08-03,6865.26,6970.78,6812.87,6917.98,252919389
2022-08-04,6906.81,6963.95,6762.49,6818.9,297235363
2022-08-05,6847.99,6940.3,6808.18,6900.18,193834424
2022-08-08,6881.63,6895.16,6783.5,6796.86,366571254
2022-08-09,6807.41,6847.04,6710.74,6750.03,233189299
2022-08-10,6761.87,6925.84,6732.12,6895.51,431202996
2022-08-11,6906.96,7022.36,6868.8,6983.78,390505841
2022-08-12,6973.55,7027.62,6940.09,6994.07,340296359
2022-08-15,6977.32,7060.83,6841.63,6924.51,185930249
2022-08-16,6923.17,6978.1,6832.32,6886.96,157402623
2022-08-17,6879.57,6914.88,6860.0,6895.27,193775545
2022-08-18,6892.04,6965.08,6827.92,6900.87,299910557
2022-08-19,6893.69,6920.1,6870.33,6896.73,384377377
2022-08-22,6898.88,6950.6,6845.45,6897.15,195888491
2022-08-23,6919.82,6968.68,6835.04,6883.65,362210532
2022-08-24,6892.52,6948.74,6721.93,6777.22,164333865
2022-08-25,6761.59,6782.62,6720.46,6741.42,229682450
2022-08-26,6726.81,6825.59,6713.33,6811.94,329553190
2022-08-29,6822.78,6869.65,6666.02,6712.14,383076570
2022-08-30,6713.2,6725.14,6688.91,6700.83,309794927
2022-08-31,6728.37,6750.69,6621.05,6643.08,160818166
2022-09-01,6670.34,6681.36,6642.88,6653.88,238016633
2022-09-02,6643.06,6647.11,6624.06,6628.09,385076781
2022-09-05,6632.89,6756.63,6615.01,6738.46,361916363
2022-09-06,6724.0,6791.46,6711.34,6778.7,361176459
2022-09-07,6789.24,6844.47,6629.23,6683.6,375596066
2022-09-08,6707.82,6762.18,6681.37,6735.62,215169791
2022-09-09,6738.57,6752.94,6666.68,6680.92,223418511
2022-09-12,6676.44,6706.11,6611.68,6641.19,209550592
2022-09-13,6647.36,6727.11,6587.19,6666.77,268078636
2022-09-14,6679.99,6703.18,6610.35,6633.38,307185770
2022-09-15,6646.62,6740.5,6607.62,6701.18,185925248
2022-09-16,6696.83,6722.77,6621.01,6646.77,320219261
2022-09-19,6639.32,6713.86,6530.03,6604.17,221667285
2022-09-20,6608.23,6651.34,6516.34,6559.13,318643912
2022-09-21,6555.69,6643.13,6433.97,6520.94,240836901
2022-09-22,6537.96,6627.73,6512.88,6602.4,436391119
2022-09-23,6598.78,6686.34,6563.43,6650.71,245830991
2022-09-26,6652.65,6804.87,6626.73,6778.46,411391959
2022-09-27,6784.41,7022.23,6714.15,6950.26,202511966
2022-09-28,6932.0,6950.13,6856.25,6874.23,175475103
2022-09-29,6867.59,6914.58,6835.39,6882.31,206613539
2022-09-30,6909.82,6972.04,6734.82,6796.02,275811930
2022-10-03,6808.85,6844.31,6705.51,6740.6,420441119
2022-10-04,6736.75,6747.83,6685.57,6696.58,202874450
2022-10-05,6707.05,6757.18,6571.91,6621.39,385168084
2022-10-06,6638.42,6674.05,6512.28,6547.42,359072582
2022-10-07,6545.57,6588.18,6497.08,6539.65,253343310
2022-10-10,6551.32,6561.73,6444.48,6454.74,250923340
2022-10-11,6464.24,6555.82,6425.85,6517.11,434293061
2022-10-12,6503.32,6504.97,6452.29,6453.93,364389616
2022-10-13,6452.17,6724.81,6385.43,6655.97,221676813
2022-10-14,6678.26,6725.45,6578.77,6625.59,423557448
2022-10-17,6651.58,6690.64,6594.54,6633.48,272046135
2022-10-18,6646.13,6677.01,6511.22,6541.62,173908761
2022-10-19,6534.89,6693.45,6508.96,6667.0,394057593
2022-10-20,6639.53,6818.35,6574.05,6751.77,410617731
2022-10-21,6743.11,6800.89,6718.86,6776.52,361178067
2022-10-24,6760.53,6796.95,6642.86,6678.84,220387596
2022-10-25,6702.4,6784.71,6614.74,6696.99,405107891
2022-10-26,6674.74,6707.69,6584.39,6617.05,260560640
2022-10-27,6603.37,6786.44,6544.17,6726.14,230191907
2022-10-28,6730.0,6816.47,6702.47,6788.7,300216321
2022-10-31,6789.69,6829.6,6758.68,6798.55,230167835
2022-11-01,6820.5,6872.61,6568.49,6619.06,336193315
2022-11-02,6627.93,6641.19,6537.0,6550.11,374304125
2022-11-03,6549.23,6683.16,6469.01,6602.28,271681949
2022-11-04,6619.79,6696.08,6616.76,6693.01,385033414
2022-11-07,6688.81,6793.58,6672.79,6777.35,279391299
2022-11-08,6800.54,6846.33,6616.52,6661.37,229183083
2022-11-09,6651.14,6726.94,6610.56,6686.13,361420775
2022-11-10,6651.27,6782.06,6633.01,6763.5,310604189
2022-11-11,6763.99,6821.73,6586.11,6642.82,433059794
2022-11-14,6617.03,6677.18,6584.9,6644.9,215836870
2022-11-15,6658.32,6678.55,6647.37,6667.58,209024710
2022-11-16,6670.63,6711.98,6606.98,6648.19,410257865
2022-11-17,6670.98,6706.4,6480.8,6515.4,420329643
2022-11-18,6513.16,6568.95,6439.03,6494.66,292465169
2022-11-21,6477.43,6512.0,6439.32,6473.88,273083696
2022-11-22,6467.97,6504.09,6429.82,6465.92,349971562
2022-11-23,6476.89,6526.52,6379.17,6428.43,374168354
2022-11-24,6418.8,6459.95,6358.65,6399.67,232792864
2022-11-25,6418.75,6441.25,6377.0,6399.44,152098782
2022-11-28,6401.3,6468.02,6366.6,6433.14,172066840
2022-11-29,6432.33,6439.46,6407.07,6414.18,253346766
2022-11-30,6432.27,6455.92,6364.35,6387.84,354512408
2022-12-01,6400.95,6427.42,6370.43,6396.88,282090344
2022-12-02,6388.88,6450.46,6203.89,6264.27,335513826
2022-12-05,6276.73,6341.39,6235.14,6299.65,290939552
2022-12-06,6309.24,6341.63,6269.77,6302.13,225497539
2022-12-07,6302.03,6332.73,6276.72,6307.4,374619443
2022-12-08,6318.81,6401.58,6294.04,6376.58,367034925
2022-12-09,6395.53,6427.84,6210.62,6242.16,438842228
2022-12-12,6242.42,6294.08,6058.57,6109.13,397705586
2022-12-13,6109.42,6161.27,6078.22,6129.97,263999139
2022-12-14,6129.6,6185.18,6076.39,6131.94,361422974
2022-12-15,6123.81,6180.42,6089.39,6145.87,255179954
2022-12-16,6146.0,6198.82,6064.52,6117.09,411849527
2022-12-19,6115.87,6234.67,6045.99,6164.24,333154567
2022-12-20,6162.31,6262.88,6129.73,6229.94,400389942
2022-12-21,6227.81,6278.45,6215.05,6265.6,234376084
2022-12-22,6252.61,6280.17,6222.58,6250.13,154476247
2022-12-23,6264.33,6301.29,6071.69,6107.73,192405100
2022-12-26,6101.81,6221.49,6042.74,6161.85,309409554
2022-12-27,6180.97,6308.13,6120.6,6247.12,438462261
2022-12-28,6236.47,6322.33,6208.31,6293.92,338112696
2022-12-29,6316.75,6359.22,6193.61,6235.53,392858986
2022-12-30,6232.2,6335.49,6181.37,6284.24,290774143
2023-01-02,6296.9,6373.44,6269.92,6346.24,437549865
2023-01-03,6349.03,6514.3,6293.29,6457.6,432287320
2023-01-04,6442.61,6481.51,6359.33,6397.95,215349863
2023-01-05,6383.69,6404.04,6364.22,6384.57,408650687
2023-01-06,6377.38,6487.46,6329.99,6439.61,155342764
2023-01-09,6435.46,6472.39,6409.37,6446.25,327778313
2023-01-10,6446.91,6463.41,6353.3,6369.6,281178472
2023-01-11,6375.06,6461.33,6315.17,6401.2,240394850
2023-01-12,6400.18,6479.25,6365.67,6444.5,430082688
2023-01-13,6449.32,6453.87,6448.77,6453.32,348696738
2023-01-16,6460.25,6570.54,6361.37,6471.49,191497601
2023-01-17,6469.9,6506.41,6419.23,6455.66,185155656
2023-01-18,6465.26,6634.99,6394.56,6563.22,241210806
2023-01-19,6576.01,6579.08,6497.78,6500.82,170685835
2023-01-20,6508.14,6597.41,6372.79,6461.42,229258441
2023-01-23,6469.46,6485.87,6448.39,6464.78,379505399
2023-01-24,6468.43,6543.96,6454.47,6529.87,412106236
2023-01-25,6545.97,6566.48,6404.81,6424.93,385777960
2023-01-26,6425.89,6447.9,6313.19,6334.9,298816135
2023-01-27,6327.97,6394.15,6130.64,6195.43,358612816
2023-01-30,6196.72,6226.94,6169.93,6200.14,433179235
2023-01-31,6185.94,6188.32,6123.99,6126.35,165987553
2023-02-01,6111.02,6149.74,6064.22,6102.89,421369791
2023-02-02,6114.85,6176.29,6088.44,6149.73,366986500
2023-02-03,6169.04,6192.78,6085.28,6108.79,265918478
2023-02-06,6105.88,6143.69,6089.02,6126.77,284588642
2023-02-07,6138.91,6214.38,6033.95,6109.05,281563009
2023-02-08,6087.52,6187.21,6057.32,6156.66,197368326
2023-02-09,6172.23,6201.57,6161.99,6191.3,219095748
2023-02-10,6198.32,6258.22,6087.25,6146.65,238537803
2023-02-13,6147.61,6194.65,6090.75,6137.71,151744296
2023-02-14,6159.32,6284.2,6086.36,6210.63,300344051
2023-02-15,6209.86,6267.46,6182.52,6239.99,292959449
2023-02-16,6228.51,6284.13,6091.7,6146.6,248895441
2023-02-17,6129.73,6225.85,6097.6,6193.38,202928488
2023-02-20,6194.66,6222.48,6094.48,6121.97,353550181
2023-02-21,6125.4,6304.71,6041.52,6219.54,292422522
2023-02-22,6218.03,6321.63,6188.84,6292.09,366800984
2023-02-23,6304.87,6357.1,6262.51,6314.67,261645153
2023-02-24,6332.85,6373.98,6287.02,6328.12,214658564
2023-02-27,6324.98,6329.08,6312.0,6316.1,351949628
2023-02-28,6295.64,6368.91,6292.54,6365.77,381184398
2023-03-01,6370.6,6382.79,6330.22,6342.35,319919219
2023-03-02,6358.28,6400.07,6319.55,6361.32,150731784
2023-03-03,6358.22,6447.17,6336.16,6424.88,341358551
2023-03-06,6432.88,6455.95,6364.84,6387.75,335542109
2023-03-07,6375.16,6436.14,6286.3,6347.0,273734802
2023-03-08,6351.51,6385.14,6232.98,6266.16,223130692
2023-03-09,6274.2,6312.01,6157.95,6195.29,443732702
2023-03-10,6200.04,6222.04,6051.61,6073.17,262570092
2023-03-13,6098.32,6150.45,6072.33,6124.35,231610196
2023-03-14,6143.41,6282.62,6110.03,6248.67,361904667
2023-03-15,6258.75,6401.22,6207.41,6349.14,294590082
2023-03-16,6363.7,6385.83,6216.41,6238.11,317215866
2023-03-17,6251.53,6362.93,6179.39,6290.34,344492092
2023-03-20,6287.09,6430.27,6248.71,6391.26,260596543
2023-03-21,6384.57,6416.24,6330.14,6361.7,195690526
2023-03-22,6383.48,6402.55,6352.31,6371.34,200223105
2023-03-23,6359.34,6428.23,6165.65,6233.17,431894487
2023-03-24,6240.96,6331.26,6163.81,6253.95,301644656
2023-03-27,6248.32,6288.18,6143.85,6183.29,275101568
2023-03-28,6175.12,6239.2,6135.41,6199.34,245809807
2023-03-29,6177.34,6227.1,6046.26,6095.36,366490982
2023-03-30,6099.3,6169.94,6063.76,6134.19,423878342
2023-03-31,6129.4,6226.35,6109.08,6205.78,380684600
2023-04-03,6214.81,6230.26,6139.49,6154.8,310303992
2023-04-04,6161.1,6236.41,6005.96,6080.29,292636880
2023-04-05,6098.35,6107.4,5929.7,5938.52,409789198
2023-04-06,5932.14,5975.23,5880.46,5923.49,406897688
2023-04-07,5922.66,5933.33,5877.35,5887.96,267054308
2023-04-10,5892.5,5927.68,5755.3,5789.86,439285837
2023-04-11,5812.03,5851.53,5781.57,5821.03,398231149
2023-04-12,5834.63,5847.46,5781.8,5794.55,403868749
2023-04-13,5782.63,5829.85,5681.52,5728.3,166961070
2023-04-14,5740.71,5758.67,5677.83,5695.64,189003628
2023-04-17,5695.92,5775.74,5685.35,5765.04,239435707
2023-04-18,5762.95,5854.99,5713.9,5805.58,173452779
2023-04-19,5800.53,5831.0,5769.14,5799.6,174862014
2023-04-20,5786.5,5865.1,5763.03,5841.42,159495054
2023-04-21,5861.96,5898.41,5733.28,5769.16,207577371
2023-04-24,5757.59,5802.71,5728.48,5773.52,425658673
2023-04-25,5755.07,5802.3,5738.05,5785.19,366362555
2023-04-26,5800.93,5833.25,5725.52,5757.6,365060623
2023-04-27,5779.37,5820.55,5746.35,5787.48,237759978
2023-04-28,5787.07,5832.92,5694.64,5740.11,337533019
2023-05-01,5709.43,5812.8,5671.67,5774.6,383695142
2023-05-02,5774.04,5872.75,5713.65,5811.97,309747842
2023-05-03,5823.18,5838.31,5613.16,5627.79,406840871
2023-05-04,5641.77,5733.46,5612.36,5703.73,320866210
2023-05-05,5693.41,5730.94,5478.45,5514.8,247375518
2023-05-08,5512.56,5571.08,5421.47,5479.63,341607114
2023-05-09,5483.37,5580.31,5447.08,5543.63,432941005
2023-05-10,5553.61,5605.14,5475.22,5526.5,397973938
2023-05-11,5535.16,5591.94,5383.78,5439.58,299539550
2023-05-12,5446.2,5481.62,5341.35,5376.31,329066566
2023-05-15,5389.63,5470.34,5358.77,5439.19,442788963
2023-05-16,5439.55,5500.28,5266.93,5326.4,374574228
2023-05-17,5343.68,5426.91,5311.75,5394.68,300751427
2023-05-18,5389.79,5449.6,5333.79,5393.57,234293415
2023-05-19,5402.2,5439.73,5287.99,5324.98,421762372
2023-05-22,5321.55,5358.78,5255.93,5292.95,443028521
2023-05-23,5292.72,5313.93,5214.87,5235.85,171220462
2023-05-24,5237.2,5323.77,5201.6,5287.83,159569162
2023-05-25,5283.86,5379.0,5237.83,5332.55,184529479
2023-05-26,5346.29,5393.93,5187.21,5233.84,265972978
2023-05-29,5230.95,5274.19,5169.6,5212.7,197962819
2023-05-30,5213.51,5225.46,5153.44,5165.29,414614865
2023-05-31,5172.24,5274.59,5138.94,5240.85,424264529
2023-06-01,5268.03,5322.67,5111.54,5165.11,204156888
2023-06-02,5172.46,5293.8,5137.56,5258.32,398720997
2023-06-05,5260.05,5275.77,5242.78,5258.5,192401427
2023-06-06,5240.21,5257.94,5175.83,5193.39,386198436
2023-06-07,5192.9,5194.54,5155.15,5156.78,162086661
2023-06-08,5151.17,5178.25,5086.49,5113.37,278458410
2023-06-09,5111.17,5131.69,5023.47,5043.72,396828284
2023-06-12,5040.28,5107.43,4983.97,5051.0,430018218
2023-06-13,5057.69,5079.54,4963.27,4984.8,186337009
2023-06-14,4984.12,5013.6,4838.45,4867.24,400835860
2023-06-15,4859.76,4877.71,4830.95,4848.86,237974289
2023-06-16,4858.66,4881.69,4732.1,4754.64,289226891
2023-06-19,4744.23,4772.08,4689.51,4717.2,182635824
2023-06-20,4718.31,4718.7,4671.53,4671.91,441892530
2023-06-21,4671.53,4711.73,4589.18,4629.01,387075625
2023-06-22,4633.19,4792.8,4574.39,4732.75,342683521
2023-06-23,4744.59,4793.68,4688.56,4737.58,368115726
2023-06-26,4764.11,4803.53,4712.94,4752.26,412097619
2023-06-27,4753.81,4796.22,4619.72,4661.3,193027648
2023-06-28,4656.09,4685.53,4600.36,4629.63,223817094
2023-06-29,4623.64,4675.85,4590.37,4642.45,161202161
2023-06-30,4636.4,4654.66,4573.9,4591.99,296689222
2023-07-03,4595.78,4665.61,4570.11,4639.69,298240622
2023-07-04,4621.81,4629.35,4572.69,4580.17,158915163
2023-07-05,4569.66,4584.97,4552.26,4567.57,348467174
2023-07-06,4571.36,4601.79,4509.73,4539.95,152664057
2023-07-07,4549.62,4587.55,4512.05,4549.97,387858810
2023-07-10,4559.73,4595.41,4484.37,4519.74,361635966
2023-07-11,4521.63,4563.68,4466.16,4508.08,394537788
2023-07-12,4516.37,4548.56,4466.11,4498.17,185488086
2023-07-13,4509.61,4514.28,4459.0,4463.63,411112564
2023-07-14,4461.04,4512.05,4438.37,4489.24,314342471
2023-07-17,4499.59,4551.05,4451.38,4502.8,409001364
2023-07-18,4489.75,4546.27,4443.8,4500.22,358802244
2023-07-19,4489.67,4501.24,4469.16,4480.71,346917832
2023-07-20,4478.61,4544.57,4456.01,4521.76,159670375
2023-07-21,4507.67,4547.71,4471.83,4511.84,357595974
2023-07-24,4517.97,4559.36,4457.21,4498.42,284622419
2023-07-25,4494.52,4531.9,4468.09,4505.4,404770420
2023-07-26,4505.13,4642.08,4455.28,4591.29,355245581
2023-07-27,4565.26,4579.55,4511.27,4525.43,172306386
2023-07-28,4525.48,4578.09,4513.06,4565.56,416919296
2023-07-31,4563.2,4588.86,4447.17,4472.31,168871435
2023-08-01,4466.43,4512.57,4438.77,4484.79,239769030
2023-08-02,4490.42,4588.44,4466.66,4564.29,215043612
2023-08-03,4560.15,4615.91,4535.06,4590.65,442264958
2023-08-04,4590.58,4604.68,4587.0,4601.1,195958736
2023-08-07,4605.35,4626.75,4553.32,4574.57,403362449
2023-08-08,4586.12,4621.76,4542.38,4577.97,216650247
2023-08-09,4588.68,4602.29,4553.55,4567.1,345190521
2023-08-10,4563.71,4574.08,4519.15,4529.44,177103466
2023-08-11,4523.06,4567.18,4472.75,4516.81,267577652
2023-08-14,4530.25,4541.83,4516.9,4528.48,336931014
2023-08-15,4524.33,4550.44,4466.14,4492.07,363333112
2023-08-16,4497.33,4500.57,4450.82,4454.03,411748841
2023-08-17,4439.75,4472.91,4356.38,4389.16,394857980
2023-08-18,4372.05,4430.33,4351.68,4409.78,305596720
2023-08-21,4411.21,4470.16,4379.25,4438.0,240989962
2023-08-22,4436.74,4472.91,4414.99,4451.09,228374482
2023-08-23,4458.6,4530.97,4428.04,4500.12,447849019
2023-08-24,4494.3,4533.82,4466.82,4506.27,332491860
2023-08-25,4509.73,4578.01,4459.42,4527.51,422585810
2023-08-28,4534.63,4588.27,4490.9,4544.45,280124403
2023-08-29,4538.9,4561.8,4518.8,4541.69,295650432
2023-08-30,4539.55,4564.83,4491.83,4516.99,397727158
2023-08-31,4507.88,4674.16,4463.71,4628.81,366848974
2023-09-01,4636.99,4660.56,4584.23,4607.65,210233614
2023-09-04,4613.56,4644.33,4545.23,4575.74,307202668
2023-09-05,4582.33,4608.47,4573.32,4599.42,214034650
2023-09-06,4598.08,4640.88,4571.29,4614.0,378279165
2023-09-07,4619.75,4638.76,4525.85,4544.55,158980424
2023-09-08,4521.82,4615.17,4509.37,4602.49,398094661
2023-09-11,4601.93,4630.42,4571.08,4599.56,428716155
2023-09-12,4615.05,4650.81,4509.97,4545.19,156966766
2023-09-13,4545.93,4633.64,4519.1,4606.45,339116904
2023-09-14,4616.62,4659.62,4597.09,4639.99,173739608
2023-09-15,4638.69,4651.36,4564.8,4577.31,258052222
2023-09-18,4590.29,4702.13,4557.35,4668.62,250940224
2023-09-19,4662.01,4730.93,4635.64,4704.32,305909949
2023-09-20,4709.11,4733.83,4680.98,4705.67,425284089
2023-09-21,4700.64,4809.21,4681.66,4789.87,288478758
2023-09-22,4793.11,4823.82,4769.5,4800.18,269482074
2023-09-25,4795.82,4810.18,4786.27,4800.61,177833733
2023-09-26,4801.36,4827.56,4741.65,4767.67,416253664
2023-09-27,4764.6,4831.75,4733.17,4800.09,244410149
2023-09-28,4807.27,4866.3,4768.31,4827.17,288730173
2023-09-29,4832.51,4858.02,4804.39,4829.88,177690589
2023-10-02,4824.41,4838.24,4776.11,4789.84,236655876
2023-10-03,4784.16,4827.68,4755.17,4798.61,316005066
2023-10-04,4791.06,4827.0,4760.93,4796.84,420193554
2023-10-05,4787.58,4792.45,4723.59,4728.4,248668034
2023-10-06,4736.15,4757.82,4632.44,4653.74,318201230
2023-10-09,4645.95,4697.26,4633.32,4684.53,412692899
2023-10-10,4688.49,4735.96,4506.24,4552.33,258145288
2023-10-11,4548.66,4588.87,4524.31,4564.44,238448072
2023-10-12,4574.22,4576.82,4539.67,4542.26,163322101
2023-10-13,4560.13,4670.9,4499.33,4609.44,422387439
2023-10-16,4584.49,4612.44,4558.33,4586.26,183279939
2023-10-17,4579.67,4645.43,4555.83,4621.37,214625559
2023-10-18,4617.5,4656.45,4564.21,4603.04,191793098
2023-10-19,4602.0,4625.71,4586.97,4610.64,362253773
2023-10-20,4609.05,4684.94,4574.28,4649.86,259450887
2023-10-23,4638.85,4643.77,4623.14,4628.06,361491904
2023-10-24,4646.5,4699.7,4627.58,4680.64,332199886
2023-10-25,4679.35,4701.85,4609.09,4631.35,154526136
2023-10-26,4636.43,4700.82,4583.95,4648.21,242277034
2023-10-27,4653.6,4704.03,4646.88,4697.24,151224767
2023-10-30,4684.24,4755.96,4661.74,4733.23,169658290
2023-10-31,4730.69,4838.93,4726.74,4834.9,291901020
2023-11-01,4842.82,4856.1,4783.09,4796.23,229442621
2023-11-02,4810.56,4865.7,4671.23,4725.39,176734426
2023-11-03,4723.04,4757.6,4641.38,4675.59,272604495
2023-11-06,4664.07,4748.52,4627.36,4711.43,285571924
2023-11-07,4706.74,4752.1,4693.85,4739.12,447680978
2023-11-08,4736.38,4768.2,4714.58,4746.35,348464602
2023-11-09,4743.26,4785.24,4648.12,4689.62,267896071
2023-11-10,4682.25,4784.07,4629.79,4731.05,291989206
2023-11-13,4718.52,4769.69,4618.57,4669.21,176758625
2023-11-14,4659.72,4758.97,4631.77,4730.6,265995553
2023-11-15,4725.97,4905.44,4702.48,4881.19,324334444
2023-11-16,4889.01,4954.29,4837.68,4902.82,156293741
2023-11-17,4914.49,4959.85,4890.97,4936.22,425892021
2023-11-20,4938.04,4956.09,4893.49,4911.44,304524366
2023-11-21,4901.7,4914.25,4803.27,4815.6,386008709
2023-11-22,4811.39,4843.86,4753.31,4785.6,232679283
2023-11-23,4767.3,4795.24,4702.26,4729.98,400865492
2023-11-24,4744.33,4788.76,4612.98,4656.59,260054843
2023-11-27,4651.14,4755.26,4642.72,4746.68,428469538
2023-11-28,4751.04,4767.36,4746.52,4762.82,306645361
2023-11-29,4773.4,4810.26,4747.81,4784.62,340963050
2023-11-30,4802.14,4806.08,4766.36,4770.27,211138199
2023-12-01,4779.03,4806.26,4735.96,4763.11,448476819
2023-12-04,4759.95,4824.65,4750.95,4815.55,207791777
2023-12-05,4821.29,4859.99,4777.1,4815.76,159984470
2023-12-06,4832.95,4889.53,4789.34,4845.8,281949391
2023-12-07,4840.04,4854.51,4822.83,4837.29,400451902
2023-12-08,4824.05,4874.32,4770.79,4821.02,426353402
2023-12-11,4813.52,4863.77,4698.76,4748.34,407103200
2023-12-12,4753.32,4786.55,4614.45,4646.94,315918131
2023-12-13,4644.08,4681.15,4598.42,4635.42,425010117
2023-12-14,4635.28,4662.86,4612.6,4640.16,297608818
2023-12-15,4646.62,4672.49,4550.89,4576.37,293450837
2023-12-18,4569.06,4612.16,4533.43,4576.46,204225282
2023-12-19,4575.88,4615.21,4541.71,4581.0,386326777
2023-12-20,4576.84,4587.7,4463.57,4474.19,244828408
2023-12-21,4489.72,4537.49,4383.8,4430.94,208524119
2023-12-22,4438.77,4474.1,4417.3,4452.56,260863988
2023-12-25,4449.89,4518.69,4404.74,4473.3,330939067
2023-12-26,4470.14,4488.47,4400.2,4418.32,231001163
2023-12-27,4434.87,4460.84,4401.86,4427.79,257593545
2023-12-28,4443.45,4487.44,4435.43,4479.36,249034064
2023-12-29,4484.0,4574.64,4429.24,4519.44,328852095
2024-01-01,4519.71,4543.25,4492.99,4516.51,364222119
2024-01-02,4505.96,4547.63,4453.5,4495.07,352668152
2024-01-03,4488.14,4513.8,4440.22,4465.75,192348423
2024-01-04,4454.72,4538.43,4407.19,4490.51,344548537
2024-01-05,4500.89,4528.53,4474.31,4501.95,214871489
2024-01-08,4491.56,4583.02,4443.91,4534.92,170841445
2024-01-09,4531.6,4555.51,4519.43,4543.31,246506372
2024-01-10,4527.3,4604.67,4508.91,4586.05,353616630
2024-01-11,4572.7,4611.63,4553.81,4592.65,349187173
2024-01-12,4599.49,4656.72,4577.07,4634.13,188934980
2024-01-15,4637.43,4698.3,4619.67,4680.37,353062270
2024-01-16,4680.98,4736.05,4586.24,4640.83,208328690
2024-01-17,4637.59,4670.77,4517.83,4550.38,372395080
2024-01-18,4536.13,4678.35,4488.23,4629.46,319957668
2024-01-19,4625.04,4686.88,4582.71,4644.38,187960982
2024-01-22,4643.23,4679.61,4522.93,4558.65,255054525
2024-01-23,4564.76,4585.96,4503.67,4524.68,395555217
2024-01-24,4534.56,4581.9,4517.67,4564.9,279810737
2024-01-25,4572.01,4594.09,4530.7,4552.69,356444340
2024-01-26,4555.87,4576.89,4507.97,4528.86,374480291
2024-01-29,4529.32,4613.23,4516.74,4600.46,159151522
2024-01-30,4602.74,4630.97,4521.41,4549.3,429442604
2024-01-31,4544.39,4570.91,4484.86,4511.18,250679354
2024-02-01,4512.39,4542.25,4493.66,4523.48,388021887
2024-02-02,4522.31,4558.27,4508.82,4544.71,290013376
2024-02-05,4566.04,4613.3,4524.13,4571.35,323089180
2024-02-06,4573.84,4662.95,4530.32,4619.0,258185247
2024-02-07,4600.71,4638.68,4593.01,4630.93,405966742
2024-02-08,4627.23,4666.4,4618.61,4657.71,185225066
2024-02-09,4655.51,4686.32,4615.55,4646.3,418835022
2024-02-12,4654.85,4666.88,4639.34,4651.36,212203885
2024-02-13,4655.08,4686.88,4626.95,4658.72,414948053
2024-02-14,4661.96,4692.35,4641.26,4671.61,157368418
2024-02-15,4684.53,4739.99,4657.88,4713.18,154131771
2024-02-16,4729.9,4761.06,4712.74,4743.84,177923148
2024-02-19,4750.89,4778.55,4720.41,4748.05,314360953
2024-02-20,4744.94,4782.41,4670.51,4707.69,229890035
2024-02-21,4704.87,4722.44,4695.53,4713.08,329368756
2024-02-22,4684.2,4759.78,4638.22,4713.51,395991079
2024-02-23,4725.11,4780.52,4670.0,4725.41,158145150
2024-02-26,4725.24,4852.27,4715.22,4841.99,307991252
2024-02-27,4837.93,4867.12,4786.97,4816.03,371784992
2024-02-28,4806.33,4893.31,4753.72,4840.33,277349367
2024-02-29,4862.01,4935.58,4825.86,4899.16,427514748
2024-03-01,4899.05,4916.77,4888.69,4906.4,348648883
2024-03-04,4921.57,5065.89,4890.92,5034.53,160359817
2024-03-05,5031.62,5069.08,4978.28,5015.61,312453168
2024-03-06,5009.74,5067.93,4977.47,5035.5,265186232
2024-03-07,5020.97,5067.47,4947.02,4993.27,189454177
2024-03-08,4992.22,5039.53,4928.8,4975.96,216787009
2024-03-11,4973.95,5019.48,4946.14,4991.57,175009895
2024-03-12,4979.47,5081.77,4938.24,5040.04,216756708
2024-03-13,5031.21,5082.72,5008.36,5059.74,396911181
2024-03-14,5059.75,5164.5,5027.56,5131.85,329985753
2024-03-15,5114.34,5155.76,5087.19,5128.54,395991413
2024-03-18,5136.7,5161.69,5086.98,5111.85,288487309
2024-03-19,5109.55,5300.1,5076.41,5265.94,185094193
2024-03-20,5264.62,5306.27,5249.3,5290.88,266275518
2024-03-21,5290.5,5338.02,5203.96,5251.13,209930944
2024-03-22,5240.09,5265.64,5187.7,5213.13,316991751
2024-03-25,5198.72,5244.59,5115.61,5161.15,230827525
2024-03-26,5160.2,5234.38,5142.4,5216.39,441034735
2024-03-27,5217.35,5229.82,5185.15,5197.57,263161205
2024-03-28,5186.82,5215.36,5178.42,5206.93,244258036
2024-03-29,5195.82,5257.8,5143.49,5205.37,445348678
2024-04-01,5197.74,5288.18,5159.29,5249.34,201145544
2024-04-02,5240.56,5283.95,5159.48,5202.55,294111004
2024-04-03,5191.87,5223.63,5111.61,5143.08,226408009
2024-04-04,5143.62,5224.79,5076.84,5157.82,364992909
2024-04-05,5164.33,5215.91,5142.52,5193.98,322110166
2024-04-08,5201.1,5279.8,5136.53,5215.06,369087080
2024-04-09,5198.06,5216.11,5152.75,5170.71,432040788
2024-04-10,5168.26,5236.06,5143.72,5211.31,368721216
2024-04-11,5207.84,5218.71,5159.96,5170.75,252170040
2024-04-12,5185.27,5194.25,5134.25,5143.16,210455873
2024-04-15,5141.1,5188.08,5045.28,5091.81,308810957
2024-04-16,5091.5,5182.55,5075.91,5166.73,284727940
2024-04-17,5152.79,5232.43,5125.43,5204.79,243915204
2024-04-18,5196.91,5276.19,5162.53,5241.51,393352407
2024-04-19,5226.82,5360.38,5182.71,5315.52,422810336
2024-04-22,5316.75,5518.12,5281.82,5482.1,264459051
2024-04-23,5497.9,5523.67,5356.0,5381.22,354266652
2024-04-24,5373.41,5396.82,5316.41,5339.67,445276535
2024-04-25,5337.61,5368.18,5275.23,5305.61,153567639
2024-04-26,5296.8,5297.16,5257.72,5258.08,259436022
2024-04-29,5252.18,5289.36,5161.06,5197.86,371349647
2024-04-30,5199.27,5249.18,5133.05,5182.8,299300048
2024-05-01,5203.07,5246.14,5073.17,5115.52,387566035
2024-05-02,5129.66,5179.05,5087.08,5136.42,292357678
2024-05-03,5153.98,5213.52,5081.99,5141.39,169320243
2024-05-06,5151.17,5212.63,5109.35,5170.65,280099140
2024-05-07,5168.53,5232.16,5138.16,5201.6,271351625
2024-05-08,5198.08,5279.37,5157.21,5238.18,403689410
2024-05-09,5230.64,5259.02,5190.44,5218.76,196582571
2024-05-10,5194.18,5402.29,5136.16,5342.62,192449581
2024-05-13,5340.26,5398.01,5300.92,5358.53,320299411
2024-05-14,5374.15,5411.24,5214.66,5250.89,448667760
2024-05-15,5266.06,5278.04,5183.28,5195.1,335580473
2024-05-16,5220.0,5268.35,5050.5,5097.71,394886631
2024-05-17,5099.84,5153.13,5047.44,5100.72,405366392
2024-05-20,5088.8,5122.09,5062.67,5095.93,330181785
2024-05-21,5110.65,5112.69,5069.69,5071.71,332760047
2024-05-22,5077.39,5225.32,5038.82,5185.92,222919290
2024-05-23,5206.35,5225.85,5199.83,5219.32,438006104
2024-05-24,5236.12,5285.83,5213.49,5263.09,386348453
2024-05-27,5258.38,5270.66,5199.13,5211.29,411650313
2024-05-28,5199.95,5237.45,5118.92,5156.1,445113364
2024-05-29,5144.63,5202.67,5102.34,5160.25,254621984
2024-05-30,5153.41,5184.35,5141.24,5172.14,193124307
2024-05-31,5166.68,5202.89,5033.06,5068.59,407971933
2024-06-03,5065.78,5096.7,5029.68,5060.57,291888008
2024-06-04,5067.61,5114.47,5016.55,5063.37,437543344
2024-06-05,5060.23,5074.74,5038.93,5053.42,358348022
2024-06-06,5054.19,5091.65,4973.09,5010.22,227159154
2024-06-07,4995.59,5012.21,4965.91,4982.49,256446362
2024-06-10,4975.33,5002.08,4948.05,4974.79,333062641
2024-06-11,4967.22,5022.21,4926.88,4981.75,268296875
2024-06-12,4965.76,5023.21,4959.5,5016.89,234541173
2024-06-13,5013.54,5106.34,4986.1,5078.54,212948857
2024-06-14,5063.77,5085.3,5042.6,5064.13,344870183
2024-06-17,5060.07,5084.46,5016.45,5040.74,160553839
2024-06-18,5042.27,5087.37,5022.03,5067.03,178092841
2024-06-19,5082.0,5141.19,5044.07,5103.1,162760485
2024-06-20,5094.86,5126.88,5048.84,5080.77,370256406
2024-06-21,5082.03,5176.42,5033.02,5126.97,158796976
2024-06-24,5120.82,5227.31,5078.31,5184.27,275945948
2024-06-25,5184.7,5315.1,5130.4,5260.01,186397439
2024-06-26,5273.59,5400.36,5238.83,5365.0,326192153
2024-06-27,5362.19,5402.51,5276.04,5316.02,160323831
2024-06-28,5314.1,5377.68,5255.43,5318.96,157758720
2024-07-01,5319.79,5347.2,5294.35,5321.74,273302717
2024-07-02,5316.85,5330.69,5304.3,5318.13,358632436
2024-07-03,5324.05,5342.9,5263.58,5282.28,182887460
2024-07-04,5293.88,5305.11,5187.05,5198.07,298797406
2024-07-05,5199.39,5254.65,5150.26,5205.45,393097849
2024-07-08,5183.04,5245.52,5101.29,5163.54,337575302
2024-07-09,5159.14,5203.7,5126.01,5170.49,375089821
2024-07-10,5176.4,5218.73,5085.46,5127.39,244700391
2024-07-11,5130.2,5176.33,5021.85,5067.42,432607048
2024-07-12,5072.68,5139.85,5015.45,5082.51,193746051
2024-07-15,5087.82,5153.56,5027.3,5092.98,331593408
2024-07-16,5102.16,5130.46,5099.18,5127.47,280628682
2024-07-17,5154.25,5275.27,5132.2,5252.81,159524462
2024-07-18,5268.52,5302.98,5236.49,5270.93,433193736
2024-07-19,5282.12,5322.02,5261.33,5301.16,360673921
2024-07-22,5307.8,5335.61,5212.99,5240.45,218338207
2024-07-23,5257.0,5295.46,5130.55,5168.36,165706942
2024-07-24,5178.04,5263.01,5175.49,5260.42,352751703
2024-07-25,5259.52,5297.55,5171.41,5209.08,313527401
2024-07-26,5211.41,5257.71,5105.59,5151.35,164953063
2024-07-29,5147.58,5182.86,5115.94,5151.19,445824172
2024-07-30,5163.36,5167.68,5143.84,5148.14,365429935
2024-07-31,5154.21,5179.98,5073.61,5099.1,288796704
2024-08-01,5089.79,5125.47,5048.39,5084.03,231313704
2024-08-02,5096.51,5201.81,5050.04,5154.81,285455118
2024-08-05,5153.42,5197.88,5067.08,5111.17,167145903
2024-08-06,5120.05,5149.43,5005.97,5034.86,260325930
2024-08-07,5027.88,5109.92,5007.3,5089.08,215236267
2024-08-08,5097.61,5148.74,5067.67,5118.67,183852102
2024-08-09,5107.96,5112.79,5080.98,5085.78,187770536
2024-08-12,5094.24,5116.45,4977.51,4999.31,253674585
2024-08-13,5002.61,5051.23,4912.15,4960.36,264778947
2024-08-14,4947.37,4988.44,4918.36,4959.36,255037487
2024-08-15,4957.66,5060.8,4922.27,5024.93,356989342
2024-08-16,5037.38,5047.52,4959.65,4969.64,306631691
2024-08-19,4975.31,5020.56,4921.84,4967.01,207813771
2024-08-20,4965.16,5033.86,4937.42,5005.89,441705459
2024-08-21,5010.08,5045.32,4842.46,4876.77,369030417
2024-08-22,4882.45,4972.09,4844.93,4934.17,291005256
2024-08-23,4924.48,4968.66,4828.26,4871.97,164750646
2024-08-26,4883.34,4923.79,4851.31,4891.71,424327846
2024-08-27,4877.09,4934.69,4849.51,4906.94,373352925
2024-08-28,4908.85,4980.19,4896.25,4967.44,288467297
2024-08-29,4963.87,5008.39,4955.07,4999.53,198526094
2024-08-30,5005.61,5038.13,4839.15,4870.8,182262990
2024-09-02,4854.76,4889.01,4796.62,4830.7,236962920
2024-09-03,4830.15,4876.51,4793.69,4839.97,219045868
2024-09-04,4836.18,4853.57,4814.16,4831.53,212794653
2024-09-05,4824.08,4880.15,4802.92,4858.84,272255302
2024-09-06,4859.03,4934.57,4827.72,4902.98,163977754
2024-09-09,4901.11,4961.11,4877.92,4937.75,247610631
2024-09-10,4934.28,5001.01,4861.45,4928.09,411309786
2024-09-11,4920.49,4941.78,4809.08,4829.97,409748786
2024-09-12,4861.79,4897.1,4772.79,4807.71,152524259
2024-09-13,4794.44,4872.85,4753.55,4831.65,353593680
2024-09-16,4822.85,4864.94,4733.95,4775.63,447327300
2024-09-17,4773.61,4833.22,4751.27,4810.7,323492535
2024-09-18,4826.18,4898.12,4789.02,4860.69,267102673
2024-09-19,4870.15,4905.73,4833.85,4869.42,297368865
2024-09-20,4865.09,4903.21,4670.38,4707.26,213972490
2024-09-23,4718.64,4748.86,4613.23,4642.96,269181185
2024-09-24,4659.69,4781.7,4619.85,4741.15,431080979
2024-09-25,4743.16,4775.2,4682.7,4714.55,333657731
2024-09-26,4715.84,4726.43,4603.17,4613.54,279263337
2024-09-27,4612.7,4709.24,4581.97,4678.07,187382149
2024-09-30,4674.18,4713.45,4641.4,4680.63,198759956
2024-10-01,4680.83,4778.83,4641.88,4739.39,366481534
2024-10-02,4745.67,4786.64,4714.82,4755.72,240934905
2024-10-03,4742.72,4835.99,4688.78,4781.61,233585483
2024-10-04,4780.26,4830.27,4752.74,4802.62,201355384
2024-10-07,4799.33,4863.34,4777.57,4841.39,262524210
2024-10-08,4856.34,5015.04,4807.01,4964.61,353129615
2024-10-09,4969.02,5048.12,4940.81,5019.62,274992177
2024-10-10,5025.84,5057.11,4903.67,4934.37,157430496
2024-10-11,4932.49,4995.38,4897.9,4960.59,229201311
2024-10-14,4956.21,5058.81,4922.72,5024.86,198053247
2024-10-15,5026.91,5133.12,4987.66,5093.35,270524257
2024-10-16,5087.04,5128.4,5030.25,5071.48,420782432
2024-10-17,5062.29,5160.51,5040.61,5138.5,438823155
2024-10-18,5133.06,5207.45,5118.78,5193.0,449262944
2024-10-21,5203.54,5358.54,5187.45,5342.02,183801855
2024-10-22,5334.55,5386.65,5248.33,5300.09,296277143
2024-10-23,5294.04,5322.81,5243.97,5272.63,163675157
2024-10-24,5261.95,5306.67,5212.3,5256.98,298611021
2024-10-25,5265.88,5309.15,5187.75,5230.73,323003190
2024-10-28,5236.36,5268.93,5149.38,5181.62,382019628
2024-10-29,5176.18,5194.58,5008.35,5026.22,250927148
2024-10-30,5039.19,5080.99,4962.69,5004.2,160856873
2024-10-31,4997.26,5057.29,4966.68,5026.53,286247172
2024-11-01,5023.52,5036.65,4988.19,5001.27,278106444
2024-11-04,5003.05,5134.04,4979.27,5109.75,337261809
2024-11-05,5100.01,5120.53,5092.04,5112.54,179948364
2024-11-06,5096.55,5212.53,5071.65,5187.19,333956667
2024-11-07,5186.31,5221.74,5168.81,5204.18,270277914
2024-11-08,5210.96,5284.06,5180.72,5253.57,371707633
2024-11-11,5259.63,5300.55,5230.96,5271.81,445146552
2024-11-12,5263.51,5387.25,5230.13,5353.3,218286321
2024-11-13,5339.78,5399.56,5299.1,5358.73,376089984
2024-11-14,5348.69,5437.31,5301.86,5390.12,445513762
2024-11-15,5386.47,5463.74,5336.98,5414.0,294294249
2024-11-18,5401.84,5423.27,5377.58,5398.99,373814587
2024-11-19,5403.11,5476.81,5351.71,5425.2,383252704
2024-11-20,5443.29,5594.77,5409.95,5560.72,332433021
2024-11-21,5581.15,5609.79,5517.94,5546.4,265317224
2024-11-22,5558.59,5591.9,5540.95,5574.21,376266249
2024-11-25,5578.9,5659.36,5573.18,5653.56,292891933
2024-11-26,5640.88,5769.11,5599.14,5726.74,347727501
2024-11-27,5711.7,5771.48,5670.12,5729.76,333976434
2024-11-28,5740.15,5765.96,5556.74,5581.84,289219808
2024-11-29,5571.02,5641.5,5545.52,5615.8,185121016
2024-12-02,5604.95,5636.88,5449.72,5480.94,237763900
2024-12-03,5482.06,5600.07,5454.2,5571.75,431340568
2024-12-04,5590.41,5611.89,5562.91,5584.37,306053417
2024-12-05,5599.91,5664.26,5583.8,5648.01,340822129
2024-12-06,5648.83,5702.77,5540.8,5594.22,227548042
2024-12-09,5606.88,5633.45,5474.85,5500.92,361734078
2024-12-10,5507.03,5558.99,5467.03,5518.9,296002903
2024-12-11,5512.94,5562.38,5469.68,5519.07,215624719
2024-12-12,5539.63,5580.71,5450.72,5491.44,193840621
2024-12-13,5497.66,5542.83,5453.59,5498.75,268502642
2024-12-16,5482.68,5710.18,5442.21,5668.34,319618529
2024-12-17,5656.81,5746.85,5632.88,5722.64,234049708
2024-12-18,5747.38,5821.34,5717.27,5790.99,223585107
2024-12-19,5782.42,5902.37,5727.73,5847.07,230883151
2024-12-20,5835.99,5972.25,5808.81,5944.56,238082431
2024-12-23,5959.42,5995.94,5898.15,5934.51,371702882
2024-12-24,5915.98,5961.13,5758.47,5802.75,299708442
2024-12-25,5798.15,5859.73,5731.52,5793.04,290733217
2024-12-26,5786.01,5900.6,5733.05,5847.08,198757875
2024-12-27,5867.85,5888.07,5767.1,5787.04,313367548
2024-12-30,5784.81,5826.26,5736.73,5778.13,438713965
2024-12-31,5768.22,5807.51,5697.4,5736.47,373653823
2025-01-01,5733.89,5864.26,5703.71,5833.55,284083294
2025-01-02,5834.12,5920.54,5797.87,5883.97,242091142
2025-01-03,5885.9,5953.42,5861.16,5928.5,255683768
2025-01-06,5921.92,6005.11,5888.49,5971.41,158058673
2025-01-07,5970.87,5999.31,5942.91,5971.35,158758981
2025-01-08,5975.22,5990.04,5971.9,5986.71,382904840
2025-01-09,5977.97,6008.81,5880.56,5911.06,402976308
2025-01-10,5900.94,5965.19,5708.42,5771.26,440566389
2025-01-13,5771.48,5820.86,5733.79,5783.09,337750174
2025-01-14,5777.5,5840.58,5743.11,5806.02,428756349
2025-01-15,5791.91,5917.89,5760.1,5885.57,274921546
2025-01-16,5874.54,6020.61,5844.18,5989.66,226225154
2025-01-17,5958.99,6111.44,5943.4,6095.49,223659839
2025-01-20,6113.34,6165.25,5979.8,6031.01,220991806
2025-01-21,6046.92,6108.38,5948.97,6010.06,373541225
2025-01-22,6018.14,6072.27,5990.21,6044.21,152980737
2025-01-23,6031.68,6273.64,5974.74,6214.97,433642372
2025-01-24,6215.77,6403.83,6131.97,6318.64,382444038
2025-01-27,6314.03,6475.24,6238.77,6398.97,264242911
2025-01-28,6396.97,6460.99,6310.44,6374.24,360557491
2025-01-29,6395.87,6414.61,6296.35,6314.86,190462820
2025-01-30,6308.73,6390.67,6290.43,6372.19,279417717
2025-01-31,6356.51,6407.37,6247.2,6297.58,182758424
2025-02-03,6295.11,6333.87,6244.9,6283.59,183629084
2025-02-04,6290.58,6293.27,6275.48,6278.17,151908591
2025-02-05,6294.32,6422.34,6263.15,6390.68,388743233
2025-02-06,6397.49,6447.79,6318.24,6368.31,373186632
2025-02-07,6385.77,6422.07,6164.73,6199.98,417892427
2025-02-10,6173.65,6275.35,6135.55,6236.86,444418615
2025-02-11,6239.37,6257.44,6173.46,6191.4,439436870
2025-02-12,6193.23,6227.25,6162.78,6196.78,447845325
2025-02-13,6180.14,6242.99,6130.61,6193.35,154757785
2025-02-14,6186.37,6215.94,6147.65,6177.18,385259176
2025-02-17,6171.47,6293.86,6111.56,6233.35,366966601
2025-02-18,6232.84,6271.72,6092.5,6130.74,198655133
2025-02-19,6125.34,6170.6,6053.27,6098.33,191043269
2025-02-20,6114.79,6195.48,6066.21,6146.66,443312836
2025-02-21,6155.1,6203.22,6059.84,6107.59,414761852
2025-02-24,6090.73,6111.27,5981.72,6001.95,248344032
2025-02-25,5999.49,6071.61,5976.56,6048.49,172429934
2025-02-26,6035.61,6127.98,6033.3,6125.63,250085882
2025-02-27,6109.14,6157.09,6077.18,6125.05,151595373
2025-02-28,6124.2,6146.38,5973.68,5995.39,356201085
2025-03-03,5996.34,6072.75,5968.16,6044.35,264046511
2025-03-04,6057.53,6090.94,5903.66,5936.4,164714756
2025-03-05,5944.67,5998.33,5905.38,5958.94,443916110
2025-03-06,5942.23,5976.27,5869.34,5903.15,397730918
2025-03-07,5888.56,5921.99,5797.11,5830.2,421419176
2025-03-10,5821.51,5863.11,5762.72,5804.19,449189182
2025-03-11,5788.61,5829.83,5753.62,5794.81,154251823
2025-03-12,5801.44,5852.05,5705.86,5756.06,382520933
2025-03-13,5747.27,5830.72,5712.48,5795.64,386258403
2025-03-14,5797.78,5859.47,5708.13,5769.52,384502947
2025-03-17,5752.43,5853.1,5733.64,5834.04,229516268
2025-03-18,5866.76,5897.15,5824.09,5854.42,267094101
2025-03-19,5832.27,5857.07,5787.12,5811.84,428742086
2025-03-20,5779.65,5818.51,5720.09,5758.8,169776416
2025-03-21,5768.13,5786.96,5638.27,5656.74,342323748
2025-03-24,5651.41,5726.89,5601.85,5677.09,387800230
2025-03-25,5657.22,5668.74,5645.71,5657.22,389413333
2025-03-26,5654.64,5675.81,5491.23,5511.86,380059005
2025-03-27,5508.62,5520.79,5469.48,5481.59,422801606
2025-03-28,5483.94,5514.39,5399.3,5429.45,379757681
2025-03-31,5435.41,5562.2,5399.53,5525.73,184788869
2025-04-01,5528.01,5537.19,5415.43,5424.44,223362032
2025-04-02,5429.78,5456.97,5313.86,5340.6,241536918
2025-04-03,5338.82,5457.4,5290.0,5407.95,252928060
2025-04-04,5400.17,5546.02,5345.88,5490.82,258196846
2025-04-07,5506.68,5552.16,5403.03,5448.02,215958556
2025-04-08,5437.34,5440.37,5409.3,5412.32,354983912
2025-04-09,5424.0,5485.7,5389.64,5451.17,183071075
2025-04-10,5443.05,5494.87,5263.22,5313.81,386323548
2025-04-11,5304.66,5329.74,5182.53,5207.15,347592959
2025-04-14,5212.62,5226.48,5179.34,5193.15,438306122
2025-04-15,5192.01,5332.73,5143.9,5283.77,151961342
2025-04-16,5286.0,5337.49,5209.3,5260.55,238622147
2025-04-17,5272.48,5304.24,5236.77,5268.5,419500924
2025-04-18,5243.88,5350.63,5229.81,5336.31,298090922
2025-04-21,5344.46,5469.49,5337.25,5462.12,318275857
2025-04-22,5458.55,5496.85,5391.56,5429.65,158688278
2025-04-23,5445.61,5468.89,5407.6,5430.81,378632363
2025-04-24,5423.82,5574.21,5392.13,5541.83,225896363
2025-04-25,5545.72,5576.43,5421.07,5451.26,438937763
2025-04-28,5462.7,5534.92,5443.02,5515.05,262201052
2025-04-29,5516.38,5556.85,5415.46,5455.48,206586719
2025-04-30,5451.12,5510.36,5404.68,5463.82,328141861
2025-05-01,5465.44,5511.17,5405.81,5451.42,293229004
2025-05-02,5453.54,5492.42,5357.68,5396.15,291253648
2025-05-05,5389.33,5411.46,5318.02,5339.96,434954597
2025-05-06,5353.03,5400.69,5310.71,5358.33,259342517
2025-05-07,5347.37,5454.61,5312.38,5419.15,269311498
2025-05-08,5393.42,5436.74,5370.35,5413.58,337223389
2025-05-09,5423.99,5454.5,5389.44,5419.93,201123723
2025-05-12,5421.2,5472.78,5404.67,5456.15,398584703
2025-05-13,5451.87,5490.11,5362.13,5400.01,218968971
2025-05-14,5405.04,5494.51,5357.0,5446.11,222504339
2025-05-15,5443.82,5527.63,5413.86,5497.38,153214741
2025-05-16,5482.73,5687.49,5453.2,5657.02,252862763
2025-05-19,5642.74,5645.32,5633.31,5635.88,324813386
2025-05-20,5623.65,5682.84,5550.68,5609.73,361477094
2025-05-21,5606.7,5697.12,5569.36,5659.43,419563774
2025-05-22,5653.62,5716.27,5650.06,5712.68,383382179
2025-05-23,5723.38,5726.34,5678.41,5681.34,246305157
2025-05-26,5675.04,5708.16,5625.4,5658.42,397619061
2025-05-27,5661.03,5716.12,5639.4,5694.37,208366649
2025-05-28,5673.43,5693.84,5624.5,5644.81,212799365
2025-05-29,5636.35,5657.1,5600.88,5621.57,257419530
2025-05-30,5632.48,5645.77,5616.08,5629.36,311780088
2025-06-02,5632.75,5730.15,5596.28,5693.28,210939109
2025-06-03,5704.22,5736.17,5626.01,5657.7,420003329
2025-06-04,5666.65,5697.72,5514.89,5545.3,231082202
2025-06-05,5550.12,5558.39,5422.51,5430.61,267585136
2025-06-06,5401.95,5440.48,5319.33,5357.55,331499803
2025-06-09,5362.17,5401.99,5243.07,5282.3,278964927
2025-06-10,5276.76,5332.0,5220.2,5275.43,271166503
2025-06-11,5270.58,5308.86,5170.72,5208.55,445446883
2025-06-12,5214.75,5272.92,5112.69,5170.37,280762589
2025-06-13,5167.09,5187.97,5107.69,5128.41,183915793
2025-06-16,5113.05,5167.54,5051.2,5105.62,369078992
2025-06-17,5109.92,5220.07,5072.31,5181.93,361680596
2025-06-18,5214.23,5258.16,5177.86,5221.74,215682033
2025-06-19,5208.14,5253.03,5179.95,5224.75,405055238
2025-06-20,5214.57,5239.66,5175.32,5200.34,267581132
2025-06-23,5196.16,5218.18,5155.69,5177.64,195238054
2025-06-24,5163.21,5254.41,5107.57,5198.38,201736438
2025-06-25,5201.49,5261.73,5173.8,5233.86,364335970
2025-06-26,5241.79,5280.65,5145.28,5183.7,214811075
2025-06-27,5186.56,5229.65,5144.78,5187.86,290921466
2025-06-30,5189.25,5230.82,5033.35,5073.99,370230139
2025-07-01,5081.64,5120.85,5048.67,5087.84,405867265
2025-07-02,5085.6,5186.89,5031.74,5132.53,296894138
2025-07-03,5127.63,5164.41,5082.05,5118.77,240786100
2025-07-04,5123.01,5244.89,5101.64,5223.1,411745470
2025-07-07,5214.66,5240.42,5149.01,5174.56,225096191
2025-07-08,5169.47,5197.44,5161.06,5189.01,169315541
2025-07-09,5182.25,5224.32,5147.01,5189.04,367602499
2025-07-10,5202.18,5242.04,5145.65,5185.39,377056582
2025-07-11,5158.43,5221.99,5117.55,5180.94,427897499
2025-07-14,5175.16,5227.31,5137.07,5189.12,426458272
2025-07-15,5188.97,5268.0,5160.84,5239.59,180673494
2025-07-16,5238.52,5352.67,5207.44,5321.1,336404532
2025-07-17,5335.4,5367.1,5291.47,5323.09,361330077
2025-07-18,5334.65,5420.35,5287.6,5372.96,330262818
2025-07-21,5380.13,5383.58,5330.22,5333.64,155609291
2025-07-22,5345.55,5405.6,5320.82,5380.71,163501616
2025-07-23,5388.41,5405.02,5321.31,5337.76,351164251
2025-07-24,5325.11,5468.4,5261.58,5403.93,406809906
2025-07-25,5393.59,5589.77,5342.68,5537.5,203758757
2025-07-28,5538.81,5565.07,5506.06,5532.28,163921068
2025-07-29,5531.79,5543.38,5389.74,5401.07,271202277
2025-07-30,5400.92,5415.78,5355.89,5370.67,244052881
2025-07-31,5366.42,5493.38,5319.32,5445.59,444871094
2025-08-01,5448.36,5489.41,5439.89,5480.9,427758919
2025-08-04,5490.23,5530.97,5457.41,5498.1,317432121
2025-08-05,5492.14,5607.13,5446.88,5561.3,434923542
2025-08-06,5559.44,5607.16,5545.52,5593.16,218643587
2025-08-07,5613.83,5704.05,5580.44,5670.32,447570162
2025-08-08,5669.4,5757.35,5642.27,5729.93,284099422
2025-08-11,5743.46,5853.93,5718.04,5828.14,292920685
2025-08-12,5810.13,5876.67,5787.1,5853.47,165167118
2025-08-13,5869.0,5964.35,5819.14,5914.1,203228863
2025-08-14,5911.08,5970.9,5836.81,5896.49,208325528
2025-08-15,5905.31,5936.02,5829.36,5859.83,296383346
2025-08-18,5857.89,6013.93,5816.95,5972.19,206938363
2025-08-19,5962.26,6024.8,5926.4,5988.78,180693877
2025-08-20,5992.48,6049.88,5986.85,6044.2,331533877
2025-08-21,6041.91,6085.67,6011.16,6054.85,411760832
2025-08-22,6067.3,6070.13,6015.4,6018.21,170988559
2025-08-25,6013.61,6048.77,5986.22,6021.34,318161169
2025-08-26,6032.9,6154.77,5997.49,6118.86,438086372
2025-08-27,6140.84,6207.87,6091.8,6158.68,271351769
2025-08-28,6153.63,6194.97,6004.58,6045.2,204888360
2025-08-29,6040.92,6092.74,5981.55,6033.3,173859210
2025-09-01,6017.23,6175.72,5995.99,6154.0,430900093
2025-09-02,6159.61,6219.22,6082.55,6141.99,271572202
2025-09-03,6114.94,6176.85,5961.83,6022.8,181547159
2025-09-04,6021.12,6152.77,6019.02,6150.63,409857482
2025-09-05,6113.7,6208.01,6105.07,6199.26,390604005
2025-09-08,6199.01,6234.98,6161.01,6196.96,361021779
2025-09-09,6204.81,6231.81,6147.26,6174.12,175307129
2025-09-10,6160.44,6279.86,6131.11,6250.1,174736655
2025-09-11,6250.52,6292.35,6173.74,6215.34,215659675
2025-09-12,6205.53,6351.14,6151.51,6296.33,197972159
2025-09-15,6288.51,6357.89,6267.18,6336.4,309555740
2025-09-16,6329.53,6414.62,6271.14,6355.99,267692547
2025-09-17,6354.3,6393.65,6329.42,6368.71,379594996
2025-09-18,6380.5,6459.8,6279.97,6359.0,180412524
2025-09-19,6361.66,6497.11,6299.95,6434.68,368386765
2025-09-22,6448.01,6474.99,6349.33,6376.0,430212357
2025-09-23,6376.34,6390.07,6251.32,6264.8,189175352
2025-09-24,6262.23,6335.65,6236.42,6309.65,345687613
2025-09-25,6304.56,6379.82,6280.92,6355.98,302702935
2025-09-26,6352.33,6440.66,6304.08,6392.1,178446900
2025-09-29,6390.58,6425.94,6387.98,6423.33,237848777
2025-09-30,6413.74,6422.99,6394.02,6403.25,386417238
2025-10-01,6406.38,6509.8,6358.26,6461.28,410702019
2025-10-02,6464.59,6488.11,6437.12,6460.62,260521778
2025-10-03,6463.81,6493.48,6399.09,6428.59,181957260
2025-10-06,6413.96,6466.72,6356.39,6409.11,223461193
2025-10-07,6419.59,6612.11,6362.8,6554.13,403029724
2025-10-08,6546.15,6608.59,6370.32,6431.66,320995482
2025-10-09,6425.32,6521.1,6374.17,6469.6,279145013
2025-10-10,6462.99,6497.42,6318.84,6352.69,154011639
2025-10-13,6321.93,6380.0,6289.72,6347.67,384809848
2025-10-14,6348.82,6379.11,6289.78,6319.93,289619297
2025-10-15,6342.13,6358.06,6161.98,6177.51,313577733
2025-10-16,6170.54,6226.8,6150.27,6206.41,403141497
2025-10-17,6199.42,6255.79,6126.72,6182.95,318719125
2025-10-20,6201.23,6225.4,6019.1,6042.65,428417278
2025-10-21,6033.91,6116.3,6018.66,6100.87,317866688
2025-10-22,6116.81,6257.66,6059.54,6199.62,252766411
2025-10-23,6198.3,6315.14,6187.07,6303.72,342730976
2025-10-24,6287.24,6372.36,6246.3,6331.13,378123600
2025-10-27,6338.09,6339.34,6335.61,6336.87,218047031
2025-10-28,6332.8,6501.8,6264.06,6431.98,351315614
2025-10-29,6429.19,6622.2,6361.88,6553.59,318063921
2025-10-30,6562.1,6656.16,6544.07,6637.93,181557288
2025-10-31,6634.04,6671.29,6534.94,6571.84,226208317
2025-11-03,6559.32,6609.38,6539.04,6589.02,423495642
2025-11-04,6608.88,6643.83,6588.6,6623.51,321406952
2025-11-05,6637.8,6668.93,6463.85,6494.31,382290893
2025-11-06,6493.98,6580.63,6444.07,6530.44,201516635
2025-11-07,6522.62,6747.92,6472.38,6696.33,215357055
2025-11-10,6668.93,6795.53,6620.12,6746.15,276050816
2025-11-11,6712.84,6894.67,6677.13,6858.19,416075242
2025-11-12,6869.9,6928.81,6815.86,6874.73,392501258
2025-11-13,6856.88,6889.06,6839.8,6871.94,251075474
2025-11-14,6862.48,6948.79,6817.47,6903.51,434852791
2025-11-17,6875.46,6916.44,6803.53,6844.32,382998866
2025-11-18,6848.58,6883.86,6739.6,6774.5,188305271
2025-11-19,6781.62,6917.41,6736.37,6871.57,178651239
2025-11-20,6864.13,6979.39,6862.81,6978.05,187991371
2025-11-21,6979.91,7001.84,6883.08,6904.77,372108272
2025-11-24,6896.78,7032.97,6845.49,6981.05,192956901
2025-11-25,7000.84,7042.05,6936.1,6977.17,234737738
2025-11-26,6984.9,7017.71,6973.26,7006.04,280327810
2025-11-27,7009.48,7085.31,6968.68,7044.31,190692530
2025-11-28,7061.62,7155.37,7030.7,7124.17,249129158
2025-12-01,7120.73,7198.97,7055.39,7133.51,353457365
2025-12-02,7132.19,7266.39,7113.12,7247.01,441632120
2025-12-03,7284.0,7304.13,7254.47,7274.58,290942045
2025-12-04,7273.64,7379.02,7222.43,7327.43,374016572
2025-12-05,7331.36,7371.17,7223.76,7263.2,309041880
2025-12-08,7260.52,7477.96,7222.07,7438.57,289892894
2025-12-09,7421.97,7573.12,7329.56,7479.99,306158935
2025-12-10,7476.7,7600.41,7418.45,7541.65,437564219
2025-12-11,7536.6,7573.8,7374.67,7411.25,167834394
2025-12-12,7404.5,7414.5,7337.23,7347.15,304014476
2025-12-15,7344.79,7485.74,7309.69,7450.13,165414074
2025-12-16,7467.59,7494.64,7449.59,7476.62,412508253
2025-12-17,7467.99,7492.67,7298.02,7322.22,330350251
2025-12-18,7343.34,7433.91,7318.44,7408.78,164175331
