Date,Open,High,Low,Close,Volume
2016-01-01,26131.84,26338.75,25904.06,26110.79,421210392
2016-01-04,26046.8,26339.01,25915.64,26207.04,236758705
2016-01-05,26214.43,26434.64,25918.92,26138.5,330256554
2016-01-06,26104.78,26170.29,25827.91,25892.89,160998178
2016-01-07,25944.81,26186.49,25533.65,25773.74,398255358
2016-01-08,25792.82,25900.47,25396.47,25502.91,423989129
2016-01-11,25523.66,25691.54,25362.15,25529.98,391004936
2016-01-12,25572.75,25974.95,25515.15,25916.57,168906130
2016-01-13,25922.59,26065.76,25644.2,25786.62,203059395
2016-01-14,25729.39,25900.41,25450.63,25620.93,312604930
2016-01-15,25622.72,25892.12,25500.53,25769.23,162981234
2016-01-18,25789.64,25925.83,25744.68,25880.7,352003510
2016-01-19,25877.93,26110.14,25689.17,25921.07,407833385
2016-01-20,25935.79,26175.16,25429.25,25666.13,211238848
2016-01-21,25604.47,25706.03,25566.67,25668.14,196518502
2016-01-22,25680.41,26065.3,25491.26,25874.72,444002383
2016-01-25,25984.42,26188.39,25302.29,25502.48,420048305
2016-01-26,25457.9,25672.21,25170.62,25384.31,444207686
2016-01-27,25341.37,25380.46,24825.23,24863.59,259344691
2016-01-28,24993.33,25167.72,24349.75,24520.84,221478197
2016-01-29,24555.91,24744.76,23849.05,24033.88,397935042
2016-02-01,24120.98,24286.27,23817.02,23981.34,191866060
2016-02-02,24039.75,24109.9,23587.56,23656.59,239781868
2016-02-03,23590.72,23980.65,23348.22,23736.64,344924342
2016-02-04,23806.66,23985.98,23607.9,23787.07,185956940
2016-02-05,23797.82,23952.47,23593.34,23747.67,304391087
2016-02-08,23714.98,23966.74,22854.5,23099.73,194724779
2016-02-09,23130.17,23304.05,22799.39,22972.09,331282110
2016-02-10,22989.37,23199.58,22759.0,22969.02,180002015
2016-02-11,22992.22,23196.32,22802.85,23006.84,335419753
2016-02-12,22953.05,23125.89,22458.4,22628.8,407216365
2016-02-15,22727.79,22828.8,22418.85,22518.93,436838414
2016-02-16,22513.13,22708.45,22092.21,22285.55,268008955
2016-02-17,22328.22,22504.02,21922.22,22096.19,380535640
2016-02-18,22024.7,22530.72,21859.4,22362.89,444094202
2016-02-19,22309.94,22388.61,22095.0,22173.18,243780900
2016-02-22,22197.49,22310.97,22060.75,22174.12,268347065
2016-02-23,22210.03,22744.64,21867.0,22398.71,374221783
2016-02-24,22433.52,22616.77,22082.01,22263.88,250293910
2016-02-25,22223.99,22335.99,22133.51,22245.42,284762267
2016-02-26,22198.1,22379.44,22100.38,22281.35,172350221
2016-02-29,22232.7,22395.59,22143.31,22305.9,442636869
2016-03-01,22296.59,22363.44,21948.23,22014.23,312646877
2016-03-02,21951.75,22083.7,21909.7,22041.48,293217665
2016-03-03,22061.49,22518.04,21925.17,22379.75,257388747
2016-03-04,22425.67,22630.49,21806.83,22007.83,153283170
2016-03-07,21992.84,22402.7,21816.67,22224.68,410621653
2016-03-08,22160.65,22548.8,21875.9,22262.75,384219506
2016-03-09,22315.97,22435.47,21996.14,22114.56,233041886
2016-03-10,22063.11,22771.47,21905.58,22610.03,213767384
2016-03-11,22525.46,22892.18,22442.97,22808.66,396466065
2016-03-14,22842.81,22985.04,22376.69,22516.88,268220142
2016-03-15,22494.77,22743.91,22295.64,22544.35,333463312
2016-03-16,22497.52,22851.94,22343.32,22696.38,191613537
2016-03-17,22673.78,22752.18,22579.97,22658.32,373284490
2016-03-18,22679.32,22906.6,22610.8,22837.6,371604801
2016-03-21,22924.47,23021.8,22733.09,22830.02,371638725
2016-03-22,22920.88,23069.25,22858.58,23006.72,278127484
2016-03-23,23034.6,23436.12,22979.29,23379.97,421652918
2016-03-24,23317.26,23468.34,23065.14,23215.56,435515335
2016-03-25,23247.02,23327.4,23196.41,23276.72,399980332
2016-03-28,23331.85,23416.01,23083.84,23167.41,286042042
2016-03-29,23173.49,23374.8,23008.04,23209.11,343598565
2016-03-30,23236.71,23250.8,22901.4,22915.3,171666077
2016-03-31,22989.48,23166.16,22603.38,22778.44,247996248
2016-04-01,22759.05,22825.68,22671.83,22738.39,448681766
2016-04-04,22661.35,23016.3,22617.94,22972.29,298144733
2016-04-05,22997.33,23386.68,22882.87,23270.87,219415654
2016-04-06,23218.21,23320.81,22840.0,22941.38,233638793
2016-04-07,23013.15,23128.4,22636.1,22750.03,153163876
2016-04-08,22723.43,23151.41,22495.02,22921.01,251016658
2016-04-11,22942.19,23082.89,22290.29,22427.83,427209957
2016-04-12,22400.57,22430.65,22292.56,22322.54,288168653
2016-04-13,22270.28,22409.27,22168.76,22307.58,419615995
2016-04-14,22297.78,22784.88,22140.16,22624.95,276946885
2016-04-15,22649.92,22957.66,22498.87,22805.58,194394295
2016-04-18,22815.63,22883.56,22664.93,22732.61,236840225
2016-04-19,22634.65,22750.04,22534.21,22649.54,198642423
2016-04-20,22606.32,22697.69,22504.93,22596.26,241361930
2016-04-21,22583.86,23036.14,22532.61,22983.99,243219708
2016-04-22,22932.94,23063.64,22754.55,22884.97,243452458
2016-04-25,22890.27,22982.56,22725.67,22817.68,183458415
2016-04-26,22840.41,23037.71,22718.41,22915.3,207447303
2016-04-27,22868.56,23034.19,22728.55,22894.02,156231071
2016-04-28,22980.22,23071.57,22762.65,22853.5,324855039
2016-04-29,22906.8,23138.92,22353.74,22582.58,285942654
2016-05-02,22650.24,22730.24,22508.96,22588.75,177759168
2016-05-03,22679.8,22823.79,22344.79,22487.56,441669082
2016-05-04,22476.15,22905.98,22356.82,22785.02,224491965
2016-05-05,22812.43,23099.09,22672.06,22957.82,426356164
2016-05-06,22949.69,23187.09,22723.62,22960.9,201189919
2016-05-09,22927.71,23205.32,22861.9,23138.9,372378984
2016-05-10,23175.6,23363.58,22874.6,23061.65,362006693
2016-05-11,23112.11,23402.73,23047.78,23337.78,344608885
2016-05-12,23388.25,23562.4,23171.89,23345.72,233999751
2016-05-13,23428.02,23557.88,23375.19,23504.88,258912705
2016-05-16,23515.14,23636.65,23060.73,23180.51,179901788
2016-05-17,23106.81,23367.93,23017.73,23278.18,347467672
2016-05-18,23330.66,23437.82,22750.24,22855.21,396384755
2016-05-19,22822.18,23018.56,22160.32,22352.66,221443044
2016-05-20,22396.87,22597.55,22087.04,22286.74,281335460
2016-05-23,22251.54,22381.17,21946.42,22075.03,326186018
2016-05-24,22120.53,22212.9,22031.35,22123.7,391292327
2016-05-25,22090.54,22871.25,21903.11,22678.83,303054069
2016-05-26,22749.7,22807.57,22423.23,22480.41,246232237
2016-05-27,22363.63,22400.5,22298.28,22335.12,344245750
2016-05-30,22289.89,22519.63,22165.36,22394.51,253954269
2016-05-31,22422.1,22650.17,22297.42,22524.92,321405150
2016-06-01,22493.37,22638.68,22344.93,22490.22,350671299
2016-06-02,22446.96,22579.8,22315.43,22448.27,170899488
2016-06-03,22419.47,22948.47,22104.68,22630.71,183994067
2016-06-06,22667.68,22848.77,22588.46,22769.19,443073311
2016-06-07,22723.79,22830.26,22413.89,22519.4,252335035
2016-06-08,22445.32,22594.52,22359.83,22508.79,190011879
2016-06-09,22475.56,22721.43,22281.11,22526.53,179814905
2016-06-10,22507.32,22588.98,22193.43,22274.25,423948410
2016-06-13,22214.54,22402.03,22159.67,22346.83,395565743
2016-06-14,22343.86,22463.5,22026.29,22144.87,347819002
2016-06-15,22195.1,22482.6,22103.82,22390.51,371932302
2016-06-16,22437.95,22598.94,22286.01,22446.94,379255445
2016-06-17,22446.74,22478.53,22446.18,22477.97,377100694
2016-06-20,22419.98,22604.37,22157.09,22340.83,212992509
2016-06-21,22403.29,22551.58,22172.87,22320.62,408133983
2016-06-22,22354.66,22461.44,21734.72,21839.04,417613138
2016-06-23,21822.82,21910.36,21489.44,21575.98,216469492
2016-06-24,21618.04,21823.04,21466.1,21670.73,310759957
2016-06-27,21660.58,21769.2,21065.82,21171.99,154963713
2016-06-28,21195.56,21526.62,21047.84,21377.63,274002544
2016-06-29,21342.06,21579.98,20741.74,20975.58,321629805
2016-06-30,20986.36,21286.19,20859.78,21158.57,207819301
2016-07-01,21221.09,21413.61,20780.01,20970.25,349839695
2016-07-04,20966.56,21319.3,20807.05,21158.33,201404386
2016-07-05,21113.05,21283.7,21026.97,21197.27,279807557
2016-07-06,21101.45,21305.31,20646.0,20847.41,408808028
2016-07-07,20768.25,21312.27,20601.2,21142.2,366009547
2016-07-08,21107.08,21551.76,21042.43,21485.95,440885406
2016-07-11,21477.57,21625.03,21331.54,21478.99,162508899
2016-07-12,21505.29,21748.62,21180.47,21422.87,275481469
2016-07-13,21438.23,21623.53,21208.84,21393.76,412103183
2016-07-14,21368.15,21542.12,21000.46,21172.84,367055882
2016-07-15,21179.33,21536.0,21081.68,21437.17,386118414
2016-07-18,21433.05,21557.66,21193.78,21317.72,359570965
2016-07-19,21325.87,21479.51,21160.69,21314.25,246493289
2016-07-20,21292.55,21372.99,21056.93,21136.78,298150463
2016-07-21,21168.38,21187.65,20980.55,20999.67,172381823
2016-07-22,20973.7,21197.24,20492.16,20712.92,294095825
2016-07-25,20600.77,21089.98,20520.0,21007.62,338450806
2016-07-26,21036.51,21058.58,20958.4,20980.41,315946180
2016-07-27,21089.43,21249.17,21052.2,21211.72,168218720
2016-07-28,21272.67,21499.69,20996.82,21223.32,253989317
2016-07-29,21262.21,21375.65,20957.28,21069.69,373680457
2016-08-01,21084.75,21154.5,20932.93,21002.41,168193383
2016-08-02,21036.4,21091.95,20826.24,20881.38,275387027
2016-08-03,20869.94,21079.35,20682.35,20891.56,175357388
2016-08-04,20845.0,20947.29,20711.54,20813.68,301377762
2016-08-05,20820.52,20861.63,20712.36,20753.34,167779097
2016-08-08,20801.67,20947.74,20303.34,20446.93,204535042
2016-08-09,20384.95,20504.39,20154.85,20273.63,171808837
2016-08-10,20242.2,20733.78,20160.67,20650.61,442713267
2016-08-11,20653.78,20733.73,20427.02,20506.4,412418697
2016-08-12,20545.96,20625.8,20198.03,20276.83,173325268
2016-08-15,20316.64,20479.67,20197.41,20360.18,383771584
2016-08-16,20395.03,20774.01,20305.78,20683.5,365077201
2016-08-17,20662.6,20715.13,20309.19,20360.95,286241532
2016-08-18,20384.49,20564.15,20143.29,20322.4,348203359
2016-08-19,20408.53,20609.99,19989.93,20189.23,253353781
2016-08-22,20199.32,20307.73,19699.92,19806.22,383826815
2016-08-23,19821.62,20092.44,19704.34,19974.26,442980643
2016-08-24,20032.72,20209.65,19800.66,19977.1,260785058
2016-08-25,19943.66,20079.53,19865.14,20000.79,160952479
2016-08-26,20055.48,20194.35,19705.87,19843.27,300197554
2016-08-29,19834.07,20141.18,19644.48,19950.48,231836676
2016-08-30,19935.01,20037.89,19737.72,19840.11,395365305
2016-08-31,19821.81,19824.09,19814.58,19816.85,251300869
2016-09-01,19851.11,19898.21,19536.73,19583.2,364348722
2016-09-02,19560.92,19634.64,19256.22,19329.06,366358679
2016-09-05,19357.17,19734.44,19245.01,19620.76,327043253
2016-09-06,19621.36,19640.23,19500.39,19519.16,172477910
2016-09-07,19515.74,19620.37,19485.08,19589.59,363462737
2016-09-08,19601.63,19740.8,19451.05,19590.15,259613084
2016-09-09,19589.46,19827.07,19266.36,19502.92,408138269
2016-09-12,19523.5,19675.54,19250.65,19401.75,296642621
2016-09-13,19407.27,19649.94,19302.05,19543.98,155802308
2016-09-14,19581.73,19763.93,19305.59,19486.9,260083189
2016-09-15,19436.19,19640.57,19258.08,19462.23,318189353
2016-09-16,19482.23,19655.27,19301.8,19474.77,197449236
2016-09-19,19492.93,19779.34,19448.74,19734.6,270320562
2016-09-20,19688.3,20118.43,19462.4,19890.22,387588388
2016-09-21,19900.26,20016.82,19865.47,19981.88,356791032
2016-09-22,19995.8,20094.05,19768.39,19866.0,253393841
2016-09-23,19792.76,19809.99,19554.91,19571.95,308069824
2016-09-26,19509.22,19919.04,19376.26,19784.21,436698619
2016-09-27,19782.3,20107.51,19678.4,20002.45,254475121
2016-09-28,20013.83,20170.01,19823.58,19979.49,337114650
2016-09-29,19895.47,20209.04,19794.07,20106.57,152064606
2016-09-30,20073.28,20334.12,20027.1,20287.45,160745349
2016-10-03,20265.24,20596.39,20151.12,20481.05,243212953
2016-10-04,20470.14,20730.68,20436.65,20696.82,309633090
2016-10-05,20676.82,20925.93,20353.18,20601.37,283804834
2016-10-06,20557.92,20972.6,20538.62,20952.93,152240305
2016-10-07,20964.46,21127.77,20512.94,20673.99,251117218
2016-10-10,20693.18,20933.37,20638.53,20878.23,315340470
2016-10-11,20919.91,21076.54,20843.68,21000.02,263770268
2016-10-12,20952.35,21298.77,20864.89,21210.22,169935339
2016-10-13,21205.61,21833.44,21032.95,21657.1,345323324
2016-10-14,21684.13,22150.03,21555.48,22019.4,214071189
2016-10-17,22060.49,22198.24,21615.01,21750.83,250644275
2016-10-18,21789.81,21828.78,21317.31,21355.5,162190253
2016-10-19,21288.27,21735.44,21111.0,21555.94,405278268
2016-10-20,21496.01,21605.55,21215.24,21323.89,258402803
2016-10-21,21319.71,21426.26,21223.0,21329.51,298286510
2016-10-24,21310.16,21754.24,21093.27,21535.06,280360905
2016-10-25,21426.11,21611.48,20971.27,21154.28,222590636
2016-10-26,21251.39,21380.4,20546.27,20671.76,280012076
2016-10-27,20670.98,20908.62,20501.91,20738.99,277100458
2016-10-28,20814.85,20865.55,20706.85,20757.41,420967496
2016-10-31,20761.05,20874.02,20596.9,20709.59,325775998
2016-11-01,20732.76,20867.06,20592.39,20726.65,331441280
2016-11-02,20754.0,20852.27,20441.5,20538.75,418308611
2016-11-03,20540.76,20622.7,20124.43,20205.03,439394120
2016-11-04,20178.18,20290.69,20063.58,20176.07,413180847
2016-11-07,20170.34,20220.41,19918.91,19968.48,151337934
2016-11-08,20031.19,20143.26,19505.73,19615.47,237345441
2016-11-09,19561.19,19916.03,19379.18,19732.43,436663485
2016-11-10,19702.9,19875.44,19554.64,19727.0,211492259
2016-11-11,19726.33,19956.95,19593.14,19823.1,208498173
2016-11-14,19829.88,19914.65,19531.47,19615.31,308765101
2016-11-15,19616.92,19854.27,19245.46,19481.17,419202171
2016-11-16,19393.99,19514.19,19155.41,19274.88,195522813
2016-11-17,19291.64,19346.49,19040.31,19094.6,163189676
2016-11-18,19042.26,19382.12,18804.68,19143.28,155836260
2016-11-21,19129.05,19363.14,18753.73,18986.06,406882109
2016-11-22,19006.4,19186.78,18888.02,19068.02,208293910
2016-11-23,19086.17,19298.26,18935.29,19146.91,339768828
2016-11-24,19192.08,19724.19,19051.84,19581.1,353188975
2016-11-25,19586.76,19714.64,19163.0,19288.93,355613921
2016-11-28,19341.09,19649.71,19177.64,19485.04,325234672
2016-11-29,19445.99,19553.37,19366.4,19473.66,267352999
2016-11-30,19486.54,19567.04,19397.97,19478.44,167791921
2016-12-01,19463.77,19524.74,19115.52,19175.58,266435592
2016-12-02,19165.55,19304.9,18947.41,19086.18,347662229
2016-12-05,19124.17,19365.88,19008.89,19249.85,197004598
2016-12-06,19329.73,19441.28,19129.05,19240.08,247397332
2016-12-07,19362.97,19537.33,19091.45,19264.93,192152421
2016-12-08,19284.07,19370.91,19124.53,19211.03,205460067
2016-12-09,19102.51,19570.42,18996.79,19462.7,337263507
2016-12-12,19469.64,19698.75,19236.83,19465.89,406481238
2016-12-13,19412.18,19639.64,18779.85,19002.51,252603289
2016-12-14,18992.97,19148.18,18711.28,18865.45,243493865
2016-12-15,18769.62,18890.07,18345.95,18464.43,158637446
2016-12-16,18451.74,18600.23,17668.09,17811.42,293667252
2016-12-19,17814.67,17860.52,17669.1,17714.69,200844586
2016-12-20,17748.24,18126.99,17604.76,17981.63,396851274
2016-12-21,18003.09,18165.6,17835.68,17998.14,201002557
2016-12-22,18037.77,18144.82,17667.73,17773.2,176240312
2016-12-23,17724.94,17757.65,17563.93,17596.4,207972316
2016-12-26,17643.9,17967.2,17500.43,17822.28,344160522
2016-12-27,17825.92,17944.19,17742.21,17860.31,286250431
2016-12-28,17861.44,17985.48,17752.94,17876.89,312082790
2016-12-29,17864.85,17943.28,17795.12,17873.52,423145936
2016-12-30,17950.89,18070.91,17768.63,17888.22,207339989
2017-01-02,17866.55,18091.66,17829.14,18053.86,324557787
2017-01-03,18027.66,18319.07,17880.56,18170.82,298255109
2017-01-04,18198.38,18318.59,18101.11,18221.2,372088111
2017-01-05,18223.08,18315.75,17927.84,18019.46,346725912
2017-01-06,17979.54,18307.54,17801.45,18127.98,181651190
2017-01-09,18141.49,18385.11,17757.08,17998.79,193860094
2017-01-10,17971.57,18324.37,17871.15,18222.55,357749150
2017-01-11,18254.73,18350.84,17880.43,17975.06,157493937
2017-01-12,17925.17,18011.66,17868.65,17955.04,409522253
2017-01-13,17958.66,18087.04,17832.41,17960.77,289709586
2017-01-16,17957.37,18119.17,17546.7,17706.25,448420494
2017-01-17,17741.4,18174.48,17617.77,18048.71,200191615
2017-01-18,18049.68,18442.03,17955.08,18345.88,363680729
2017-01-19,18366.09,18526.96,18099.73,18259.66,343639329
2017-01-20,18261.87,18557.37,18127.65,18421.97,332149418
2017-01-23,18410.02,18538.74,18377.52,18506.07,225126354
2017-01-24,18469.03,18622.27,17832.25,17981.44,438625550
2017-01-25,17997.52,18232.45,17803.67,18038.16,164297513
2017-01-26,18040.19,18195.23,17878.22,18033.21,188725230
2017-01-27,18080.92,18243.35,17894.72,18056.93,266683485
2017-01-30,18034.95,18133.17,17753.04,17850.25,387883453
2017-01-31,17854.89,17909.21,17750.34,17804.51,323197539
2017-02-01,17821.4,17983.07,17615.45,17776.72,365824294
2017-02-02,17759.62,18230.86,17547.97,18016.15,167325041
2017-02-03,18005.68,18187.16,17908.61,18089.64,367857071
2017-02-06,18081.01,18165.89,18010.95,18095.77,333292639
2017-02-07,18110.89,18518.9,18001.14,18407.35,256412976
2017-02-08,18468.51,18612.97,18159.13,18302.29,171673115
2017-02-09,18321.97,18419.72,18133.94,18231.21,173890452
2017-02-10,18179.64,18283.84,17771.71,17874.16,190542710
2017-02-13,17843.76,18350.9,17685.75,18189.82,192442750
2017-02-14,18188.71,18592.29,17988.69,18390.05,211342778
2017-02-15,18417.09,18740.95,18260.43,18582.87,353091338
2017-02-16,18591.45,18851.12,18468.26,18727.04,359992683
2017-02-17,18751.51,18921.68,18587.09,18757.22,243617379
2017-02-20,18730.56,18949.82,18590.52,18809.18,288621116
2017-02-21,18907.78,19016.14,18657.03,18764.57,434708789
2017-02-22,18754.98,18828.54,18656.58,18730.05,333193914
2017-02-23,18675.78,18928.09,18497.12,18748.73,186558108
2017-02-24,18751.01,19199.57,18621.65,19068.02,259447514
2017-02-27,19138.38,19451.83,18879.48,19192.2,394290544
2017-02-28,19158.1,19363.37,18982.54,19187.54,353904954
2017-03-01,19211.48,19349.78,18935.62,19072.92,293183547
2017-03-02,19091.23,19204.55,18834.87,18947.33,192470220
2017-03-03,19007.63,19440.36,18858.42,19288.94,238268836
2017-03-06,19302.33,19593.33,19114.17,19404.17,208642897
2017-03-07,19439.06,19582.68,19282.82,19426.35,226428411
2017-03-08,19439.15,19658.34,19141.85,19360.14,221219218
2017-03-09,19379.98,19491.2,19021.91,19131.7,256027943
2017-03-10,19099.01,19220.46,19003.97,19125.28,301587333
2017-03-13,19085.24,19439.03,18964.4,19316.73,260382779
2017-03-14,19326.77,19329.55,19238.29,19241.05,160926846
2017-03-15,19241.86,19394.95,19047.9,19200.65,217836394
2017-03-16,19207.15,19267.54,19101.4,19161.65,388978427
2017-03-17,19210.37,19285.65,19117.2,19192.41,215695342
2017-03-20,19145.36,19198.31,18811.61,18863.78,318536367
2017-03-21,18863.33,19032.27,18653.9,18822.48,441341899
2017-03-22,18866.45,18991.65,18529.32,18653.11,449265635
2017-03-23,18608.66,18918.12,18533.56,18842.07,276407073
2017-03-24,18808.31,18911.2,18587.65,18689.89,308548397
2017-03-27,18623.64,18935.26,18505.6,18816.0,336913281
2017-03-28,18840.33,19245.41,18735.64,19139.05,223539299
2017-03-29,19156.71,19217.78,19019.86,19080.68,360788366
2017-03-30,19025.21,19103.06,18884.46,18962.05,356690605
2017-03-31,19005.97,19182.42,18833.16,19009.57,249573949
2017-04-03,18992.23,19199.57,18809.64,19016.75,214280036
2017-04-04,19004.42,19204.69,18618.22,18816.51,430493092
2017-04-05,18834.7,19007.34,18747.19,18919.43,214040041
2017-04-06,18949.55,19417.61,18879.86,19346.46,238149308
2017-04-07,19310.27,19342.1,19267.46,19299.27,374387631
2017-04-10,19309.25,19422.02,19151.41,19263.92,207580975
2017-04-11,19260.95,19352.83,18959.32,19050.2,189924084
2017-04-12,19104.98,19215.13,19014.63,19124.69,163349046
2017-04-13,19097.02,19282.99,18686.24,18870.01,342227133
2017-04-14,18923.65,19056.43,18516.95,18647.79,228891356
2017-04-17,18582.89,18997.21,18504.83,18917.74,160388311
2017-04-18,18940.93,19055.58,18623.47,18736.89,168431632
2017-04-19,18795.12,19003.28,18759.43,18967.26,238694544
2017-04-20,18992.99,19372.35,18914.76,19292.88,338260395
2017-04-21,19343.94,19467.41,19232.23,19355.64,299394476
2017-04-24,19395.53,19560.25,19316.84,19481.2,322632510
2017-04-25,19426.29,19960.48,19374.44,19907.35,265556726
2017-04-26,19883.19,19941.36,19814.1,19872.23,156760741
2017-04-27,19919.94,20119.48,19552.72,19750.55,434995725
2017-04-28,19761.34,19818.6,19408.06,19464.46,214775036
2017-05-01,19459.85,19557.97,19383.14,19481.17,368581933
2017-05-02,19537.83,19943.54,19402.08,19805.93,193080819
2017-05-03,19825.32,20119.05,19730.14,20022.92,315065119
2017-05-04,19942.37,20015.89,19750.35,19823.43,169375860
2017-05-05,19779.16,19919.8,19505.15,19644.84,433466286
2017-05-08,19648.63,19719.27,19473.49,19543.75,189548424
2017-05-09,19528.56,19824.26,19319.61,19614.4,308943977
2017-05-10,19576.76,19641.5,19513.22,19577.95,222073323
2017-05-11,19569.01,19708.58,19492.64,19631.96,202845504
2017-05-12,19615.13,19853.53,19466.16,19703.9,211973937
2017-05-15,19772.16,19785.24,19634.02,19647.02,383917624
2017-05-16,19646.3,19766.62,19525.88,19646.2,305197018
2017-05-17,19642.9,19805.84,19536.07,19698.7,436555667
2017-05-18,19685.29,19865.83,19507.88,19688.39,223358754
2017-05-19,19670.07,19916.58,19559.56,19805.31,167980379
2017-05-22,19805.31,20348.66,19680.09,20220.82,235224323
2017-05-23,20213.91,20543.78,20032.03,20360.58,301162556
2017-05-24,20360.23,20514.15,20227.43,20381.22,153663114
2017-05-25,20379.13,20440.08,19951.51,20011.36,217921726
2017-05-26,19978.14,20162.06,19921.2,20104.76,366266346
2017-05-29,20112.51,20190.13,19606.33,19682.29,421189769
2017-05-30,19640.51,19772.38,19254.94,19385.1,257707275
2017-05-31,19405.46,19589.14,19391.53,19575.1,178737019
2017-06-01,19641.25,19855.32,19521.5,19735.0,199644329
2017-06-02,19730.84,19912.38,19529.0,19710.34,392007156
2017-06-05,19713.09,19795.66,19266.44,19347.47,420174278
2017-06-06,19432.39,19486.35,19222.65,19276.18,211844619
2017-06-07,19272.41,19437.03,18976.48,19139.97,387762272
2017-06-08,19099.02,19391.5,18990.28,19281.71,342383632
2017-06-09,19296.61,20029.32,19041.8,19768.28,211189770
2017-06-12,19732.98,19939.47,19617.41,19823.36,357598348
2017-06-13,19849.48,19973.4,19538.61,19661.36,378167568
2017-06-14,19614.06,19755.76,19275.79,19416.06,386417188
2017-06-15,19420.24,19562.72,19269.42,19411.85,165912281
2017-06-16,19455.77,19631.65,19206.66,19381.86,309423973
2017-06-19,19397.67,19532.13,19011.41,19144.11,294951180
2017-06-20,19102.05,19283.6,18995.13,19176.27,445798257
2017-06-21,19184.72,19276.75,18850.31,18941.17,187686840
2017-06-22,18944.86,19248.05,18878.1,19180.45,298386362
2017-06-23,19239.31,19654.13,18999.66,19412.33,187965766
2017-06-26,19397.2,19793.24,19257.52,19651.73,261302049
2017-06-27,19642.52,19834.8,19365.68,19557.11,198564159
2017-06-28,19574.13,19798.24,19452.14,19675.62,270607003
2017-06-29,19666.82,19792.26,19529.54,19654.91,194384709
2017-06-30,19615.58,19773.03,19421.56,19578.71,261594222
2017-07-03,19550.75,19699.43,19365.11,19513.5,430489464
2017-07-04,19518.56,19699.79,19063.66,19242.32,327466385
2017-07-05,19241.67,19416.18,18772.59,18944.4,318123864
2017-07-06,18909.46,19267.17,18761.43,19117.51,423172852
2017-07-07,19108.94,19234.73,18959.31,19084.94,226115006
2017-07-10,19087.68,19306.59,18919.54,19138.01,239932164
2017-07-11,19060.71,19491.44,18927.87,19356.54,295653095
2017-07-12,19298.68,19484.35,18812.52,18995.26,166491037
2017-07-13,18920.32,18976.86,18782.71,18839.02,241800096
2017-07-14,18775.95,19089.05,18570.96,18882.89,214805568
2017-07-17,18834.21,19092.2,18714.77,18971.88,326144060
2017-07-18,18951.55,18962.94,18889.43,18900.78,338114560
2017-07-19,18888.03,19275.07,18737.15,19122.32,206699704
2017-07-20,19115.27,19343.4,18946.61,19174.22,358363593
2017-07-21,19160.34,19275.7,18812.02,18925.97,233953382
2017-07-24,18911.4,19044.36,18608.01,18739.77,334722181
2017-07-25,18810.94,19047.33,18677.63,18913.3,197314966
2017-07-26,18920.66,19096.19,18842.23,19017.36,445385597
2017-07-27,18988.63,19185.96,18434.12,18627.7,214884529
2017-07-28,18586.27,18972.97,18525.67,18911.31,443876416
2017-07-31,18907.62,19133.18,18818.36,19043.28,394085290
2017-08-01,19117.78,19353.53,19096.78,19332.29,400198138
2017-08-02,19346.26,19503.71,19101.7,19258.43,185106927
2017-08-03,19215.27,19293.41,19125.4,19203.49,289720736
2017-08-04,19220.11,19429.38,18766.63,18973.22,407773103
2017-08-07,18938.29,19534.91,18914.38,19510.28,377139932
2017-08-08,19548.23,19754.88,19274.5,19480.43,216814735
2017-08-09,19467.38,19841.12,19454.89,19828.41,224749777
2017-08-10,19885.98,19993.45,19588.71,19695.15,297079965
2017-08-11,19739.43,19855.29,19622.67,19738.53,409453374
2017-08-14,19723.7,19815.3,19293.51,19383.53,167342473
2017-08-15,19440.65,19640.96,19110.7,19309.65,223118589
2017-08-16,19227.09,19588.65,19165.73,19526.33,342166586
2017-08-17,19595.73,19691.71,19170.92,19265.28,447235531
2017-08-18,19212.86,19617.47,19097.33,19500.21,296406102
2017-08-21,19495.99,19692.11,19384.7,19580.35,154094227
2017-08-22,19561.57,19660.74,19265.16,19363.33,348388541
2017-08-23,19345.68,19481.13,19129.36,19264.24,388864685
2017-08-24,19232.92,19331.61,19076.28,19174.67,206617607
2017-08-25,19169.14,19362.02,18979.04,19171.89,300198578
2017-08-28,19186.21,19295.01,18958.37,19066.49,162030093
2017-08-29,19086.94,19224.71,18764.18,18900.61,394894348
2017-08-30,18941.73,19084.16,18703.14,18844.84,337171557
2017-08-31,18912.46,19102.22,18452.49,18639.51,306337033
2017-09-01,18637.99,18726.64,18295.14,18382.57,176141181
2017-09-04,18415.02,18554.05,18241.42,18380.18,400040305
2017-09-05,18376.71,18595.17,18347.87,18566.04,370705980
2017-09-06,18498.0,18628.31,18132.48,18261.13,362517527
2017-09-07,18289.28,18443.1,18115.49,18269.13,288463577
2017-09-08,18222.1,18388.14,17980.48,18145.83,341751418
2017-09-11,18126.44,18256.32,17829.37,17958.04,422419251
2017-09-12,17973.01,18198.96,17908.44,18133.81,435408426
2017-09-13,18112.37,18116.34,18033.75,18037.71,201881446
2017-09-14,18004.63,18353.07,17993.97,18342.21,185372382
2017-09-15,18358.25,18471.78,18079.69,18192.2,318256855
2017-09-18,18225.46,18406.03,18096.61,18276.82,427864750
2017-09-19,18253.62,18382.1,18110.06,18238.44,348763645
2017-09-20,18224.2,18366.84,17952.83,18094.46,306534003
2017-09-21,18105.87,18273.95,18050.93,18218.67,303135414
2017-09-22,18218.75,18331.08,18082.71,18194.9,362238775
2017-09-25,18183.7,18482.03,18025.78,18322.9,435273449
2017-09-26,18385.68,18475.71,18230.99,18320.7,350469001
2017-09-27,18307.85,18321.47,18095.73,18109.21,336263106
2017-09-28,18104.54,18189.47,18011.22,18096.12,267537906
2017-09-29,18017.9,18238.06,17894.2,18113.7,436925374
2017-10-02,18135.11,18381.46,18066.24,18311.92,308022061
2017-10-03,18298.27,18355.01,18080.46,18136.69,212802310
2017-10-04,18164.35,18190.65,18109.84,18136.1,441824605
2017-10-05,18124.74,18339.57,17588.86,17799.84,368589087
2017-10-06,17801.68,18067.31,17669.88,17934.53,296475642
2017-10-09,17929.27,17973.67,17684.44,17728.34,404678996
2017-10-10,17727.19,17855.17,17257.68,17383.17,424984983
2017-10-11,17347.62,17500.89,17225.76,17378.8,433404902
2017-10-12,17422.08,17759.18,17261.63,17597.13,152530664
2017-10-13,17541.42,17595.35,17255.87,17309.08,289395989
2017-10-16,17253.22,17412.18,16951.21,17108.84,322269977
2017-10-17,17129.73,17268.64,16838.14,16975.8,400202986
2017-10-18,16945.98,16988.35,16729.75,16771.68,356716261
2017-10-19,16774.26,16954.58,16668.53,16848.39,342076118
2017-10-20,16819.6,16927.69,16598.14,16705.5,268576383
2017-10-23,16727.03,16838.84,16468.77,16579.59,419678525
2017-10-24,16545.13,16698.25,16539.54,16692.6,174371723
2017-10-25,16683.96,16792.29,16453.03,16560.56,227861145
2017-10-26,16551.94,16724.5,16473.9,16646.02,387622873
2017-10-27,16623.0,16758.42,16340.59,16474.81,172940325
2017-10-30,16473.08,16578.01,16158.15,16261.73,375894855
2017-10-31,16230.13,16297.31,15873.94,15939.91,397524029
2017-11-01,15945.13,16321.18,15897.56,16272.63,264376238
2017-11-02,16231.65,16313.01,16140.5,16221.81,176409796
2017-11-03,16260.78,16378.78,16153.9,16271.83,179273803
2017-11-06,16319.33,16410.81,16181.56,16272.78,351582545
2017-11-07,16262.69,16337.66,16233.04,16307.92,401839856
2017-11-08,16289.13,16491.58,16121.26,16323.36,329614659
2017-11-09,16334.05,16809.23,16200.12,16672.52,382810489
2017-11-10,16696.03,16795.73,16390.19,16488.65,164530095
2017-11-13,16481.9,16586.69,16109.69,16212.77,400274023
2017-11-14,16234.53,16354.24,15920.51,16038.78,361924054
2017-11-15,16054.56,16158.31,15707.55,15809.71,395650861
2017-11-16,15785.37,16029.1,15703.05,15945.94,222112580
2017-11-17,15915.92,16241.31,15772.45,16096.22,228935287
2017-11-20,16028.55,16114.24,15847.27,15932.45,312521887
2017-11-21,16008.51,16088.16,15617.05,15695.14,337389222
2017-11-22,15659.51,15752.63,15547.16,15640.16,287079632
2017-11-23,15680.49,15973.42,15593.96,15885.75,404927406
2017-11-24,15905.23,16005.43,15302.39,15399.4,267108711
2017-11-27,15387.92,15734.18,15150.16,15494.77,328608673
2017-11-28,15496.97,15564.98,15250.39,15317.61,273113786
2017-11-29,15302.6,15609.72,15193.31,15499.03,217348996
2017-11-30,15511.72,15640.71,15194.04,15321.46,351972601
2017-12-01,15325.78,15351.92,15253.43,15279.48,152798770
2017-12-04,15295.74,15373.34,14956.17,15032.43,449436248
2017-12-05,15023.83,15047.13,14853.77,14876.85,336303261
2017-12-06,14859.78,15167.29,14803.02,15109.58,291798466
2017-12-07,15108.48,15277.02,15083.71,15252.01,300601433
2017-12-08,15253.56,15350.77,15093.91,15190.72,259973098
2017-12-11,15156.7,15219.24,14989.29,15051.4,447083522
2017-12-12,15025.58,15156.65,14615.26,14743.87,338370097
2017-12-13,14669.31,14758.91,14596.41,14685.92,193884296
2017-12-14,14637.15,14755.9,14568.28,14686.8,338765826
2017-12-15,14711.67,14772.11,14618.79,14679.1,379675398
2017-12-18,14683.16,14734.05,14618.98,14669.83,272152415
2017-12-19,14726.73,14855.43,14367.99,14494.67,440599997
2017-12-20,14527.35,14556.62,14460.7,14489.9,343792123
2017-12-21,14457.99,14623.4,14324.41,14489.53,237401306
2017-12-22,14483.9,14777.85,14408.2,14701.02,347000370
2017-12-25,14710.84,15042.31,14677.97,15008.78,449760064
2017-12-26,15031.98,15122.99,14901.39,14992.16,373983117
2017-12-27,15006.53,15066.38,14812.47,14871.79,151623747
2017-12-28,14887.05,14944.89,14809.34,14867.1,200108124
2017-12-29,14895.48,15035.33,14634.97,14773.68,345767842
2018-01-01,14800.63,14912.36,14548.27,14658.94,436734615
2018-01-02,14677.52,14708.6,14624.31,14655.34,275355707
2018-01-03,14679.81,14755.83,14417.97,14493.02,298838694
2018-01-04,14495.77,14670.59,14421.13,14595.44,413822401
2018-01-05,14554.83,14648.54,14491.02,14584.6,221157912
2018-01-08,14603.8,14780.53,14454.08,14630.54,335514637
2018-01-09,14612.31,14660.36,14558.92,14606.95,444635155
2018-01-10,14649.36,14698.47,14447.34,14495.94,393291778
2018-01-11,14556.06,14645.61,14262.3,14350.58,435138972
2018-01-12,14325.23,14453.48,14190.67,14318.86,393095824
2018-01-15,14367.36,14391.72,14214.01,14238.16,357405225
2018-01-16,14282.55,14356.19,14206.86,14280.49,213886528
2018-01-17,14322.94,14392.53,14216.1,14285.5,415460466
2018-01-18,14240.44,14347.33,13971.48,14077.14,173276645
2018-01-19,14103.23,14276.53,13919.99,14093.17,416128733
2018-01-22,14141.75,14256.1,13778.31,13890.63,377855225
2018-01-23,13884.03,13945.64,13740.74,13801.99,166634736
2018-01-24,13793.85,13842.23,13714.55,13762.82,434449779
2018-01-25,13755.26,13777.73,13432.17,13454.15,427170332
2018-01-26,13458.96,13552.74,13379.38,13473.07,357091052
2018-01-29,13542.21,13654.29,13389.1,13500.84,430849752
2018-01-30,13487.87,13591.65,13379.03,13482.77,277005953
2018-01-31,13449.72,13506.1,13368.96,13425.23,161113637
2018-02-01,13375.09,13513.31,13237.21,13375.43,351069097
2018-02-02,13391.3,13424.42,13204.36,13237.1,387981561
2018-02-05,13235.5,13352.63,13086.29,13203.13,189593166
2018-02-06,13216.2,13310.65,13034.32,13128.15,274035363
2018-02-07,13105.63,13200.39,13052.05,13146.64,341439232
2018-02-08,13149.14,13264.34,12864.07,12977.77,186270854
2018-02-09,12956.25,13050.9,12922.1,13016.59,426032136
2018-02-12,13046.37,13088.24,13000.45,13042.3,159515505
2018-02-13,13070.4,13158.35,12939.55,13027.21,150035992
2018-02-14,13050.16,13196.76,12823.79,12969.48,158795274
2018-02-15,12987.35,13162.18,12879.19,13053.47,431433220
2018-02-16,13029.51,13080.51,12769.49,12819.67,301675726
2018-02-19,12836.18,13026.4,12700.08,12889.73,243216926
2018-02-20,12925.62,13096.78,12758.23,12929.35,412771404
2018-02-21,12937.39,13060.57,12851.89,12974.82,269078473
2018-02-22,13000.93,13113.67,12922.19,13034.72,183812636
2018-02-23,13033.09,13070.34,12909.21,12946.21,431863630
2018-02-26,12971.88,13007.99,12878.49,12914.44,252705972
2018-02-27,12927.67,13032.78,12905.15,13010.11,388974574
2018-02-28,13038.64,13115.04,13000.65,13076.94,187193829
2018-03-01,13099.0,13128.06,13082.86,13111.91,265469257
2018-03-02,13100.37,13225.29,12775.75,12898.74,208884702
2018-03-05,12877.96,13060.72,12798.1,12980.22,443876586
2018-03-06,12967.8,13164.6,12955.76,13152.39,384536250
2018-03-07,13160.49,13400.8,13064.46,13303.73,159778313
2018-03-08,13274.25,13446.3,13171.76,13343.27,223955896
2018-03-09,13322.04,13361.87,13080.76,13119.98,348146845
2018-03-12,13120.16,13313.72,13068.26,13261.26,314802495
2018-03-13,13322.06,13339.85,13227.4,13245.08,302826379
2018-03-14,13264.64,13383.58,12765.9,12881.4,185639627
2018-03-15,12830.41,12950.39,12820.11,12940.0,416231429
2018-03-16,12954.56,13013.57,12674.78,12732.78,269325064
2018-03-19,12742.55,12862.56,12438.04,12556.3,155609770
2018-03-20,12546.95,12582.18,12438.59,12473.62,279978157
2018-03-21,12405.53,12736.91,12323.48,12653.22,246480242
2018-03-22,12629.72,12717.37,12519.17,12606.66,177519511
2018-03-23,12612.5,12672.64,12589.21,12649.29,293496774
2018-03-26,12692.9,13016.86,12575.49,12897.56,278449210
2018-03-27,12919.44,13160.99,12887.84,13128.87,171985618
2018-03-28,13118.17,13176.39,13060.99,13119.2,402533485
2018-03-29,13108.31,13142.76,13055.2,13089.59,343667241
2018-03-30,13100.97,13188.58,12826.92,12913.28,364579552
2018-04-02,12922.72,12980.64,12762.34,12819.8,404287749
2018-04-03,12852.9,12969.48,12768.54,12884.91,342065592
2018-04-04,12814.36,12998.97,12762.08,12946.15,421885899
2018-04-05,12944.68,13082.38,12829.52,12967.03,186216177
2018-04-06,12959.23,13182.96,12891.2,13114.11,193243707
2018-04-09,13096.73,13201.46,12903.92,13007.94,227436926
2018-04-10,12996.3,13059.61,12941.85,13005.12,301916796
2018-04-11,12985.82,13215.52,12886.22,13114.93,246311133
2018-04-12,13100.95,13217.29,13088.21,13204.45,445503834
2018-04-13,13220.89,13417.35,13169.38,13365.28,352756058
2018-04-16,13374.83,13524.63,13279.58,13429.0,171462751
2018-04-17,13461.33,13584.28,13266.38,13388.67,398578486
2018-04-18,13373.27,13521.34,13299.7,13447.36,361472888
2018-04-19,13412.66,13560.63,13157.66,13304.44,339238810
2018-04-20,13316.19,13451.79,12936.73,13069.83,235806481
2018-04-23,13061.49,13160.48,13059.56,13158.54,241618266
2018-04-24,13198.85,13281.73,13073.21,13155.82,422567994
2018-04-25,13159.32,13287.14,13078.18,13205.71,399759666
2018-04-26,13222.74,13323.22,12865.86,12964.38,332463597
2018-04-27,12923.14,13042.82,12797.88,12917.5,238233642
2018-04-30,12903.84,12963.18,12778.4,12837.43,418884863
2018-05-01,12881.78,12994.65,12609.08,12720.53,281467168
2018-05-02,12711.93,12717.4,12404.74,12410.08,165137045
2018-05-03,12414.1,12508.64,12275.13,12369.33,248611780
2018-05-04,12367.34,12524.64,12339.37,12496.37,331671068
2018-05-07,12476.61,12581.79,12448.73,12553.74,351800155
2018-05-08,12559.15,12665.38,12370.26,12475.78,276029455
2018-05-09,12501.36,12548.91,12431.27,12478.73,289287805
2018-05-10,12484.59,12684.05,12388.93,12587.6,182361583
2018-05-11,12574.73,12644.58,12142.6,12210.42,366923370
2018-05-14,12262.29,12343.41,12117.88,12198.58,272731551
2018-05-15,12220.12,12333.99,12162.74,12276.34,186615551
2018-05-16,12277.37,12383.97,12266.85,12373.37,372463648
2018-05-17,12372.75,12730.56,12254.26,12609.8,294955214
2018-05-18,12662.73,12894.77,12541.3,12772.28,324629605
2018-05-21,12789.83,12900.27,12711.06,12821.31,207775336
2018-05-22,12805.92,12940.05,12735.24,12869.02,328160981
2018-05-23,12884.8,13032.9,12837.84,12985.57,304263897
2018-05-24,13009.81,13049.46,12874.37,12913.73,233854199
2018-05-25,12867.77,12951.46,12829.64,12913.18,150469148
2018-05-28,12870.17,13071.64,12845.94,13047.08,302693572
2018-05-29,13076.62,13405.22,13006.01,13333.22,438067332
2018-05-30,13339.05,13465.43,13189.04,13315.2,283910183
2018-05-31,13348.73,13408.61,13253.71,13313.43,379752579
2018-06-01,13348.81,13444.3,13252.34,13347.83,423005145
2018-06-04,13347.92,13649.66,13250.12,13550.38,382653776
2018-06-05,13511.75,13600.63,13462.54,13551.29,299509467
2018-06-06,13548.35,13883.59,13442.28,13775.73,281217799
2018-06-07,13765.48,13842.82,13558.16,13634.76,270711327
2018-06-08,13661.2,13801.02,13472.99,13612.32,300986239
2018-06-11,13633.2,13766.88,13454.85,13588.09,234439501
2018-06-12,13577.1,13780.74,13508.12,13711.08,237798360
2018-06-13,13719.81,13944.93,13649.89,13874.21,290866474
2018-06-14,13860.14,14012.0,13499.85,13649.4,320079608
2018-06-15,13643.91,13686.23,13475.53,13517.46,195830294
2018-06-18,13530.64,13729.14,13374.93,13572.95,189111065
2018-06-19,13575.15,13706.75,13349.36,13480.04,393516595
2018-06-20,13468.23,13529.19,13199.67,13259.68,439702905
2018-06-21,13241.39,13491.18,13167.64,13416.46,360284312
2018-06-22,13465.73,13528.91,13431.62,13494.72,274332358
2018-06-25,13538.91,13613.71,13498.64,13573.33,386665915
2018-06-26,13566.98,13682.4,13392.86,13507.77,152733460
2018-06-27,13524.8,13759.62,13432.21,13666.06,444501709
2018-06-28,13620.98,13732.09,13524.45,13635.45,239090200
2018-06-29,13607.57,13994.59,13421.06,13805.36,272049209
2018-07-02,13799.47,13890.08,13582.67,13672.44,434662842
2018-07-03,13641.08,13703.33,13487.62,13549.45,308761604
2018-07-04,13514.46,13706.89,13393.58,13585.37,243078299
2018-07-05,13578.26,13682.65,13382.17,13485.85,340377807
2018-07-06,13467.39,13652.56,13406.83,13591.45,404407514
2018-07-09,13626.46,13677.83,13584.43,13635.77,442435437
2018-07-10,13586.64,13684.72,13405.31,13502.78,420285356
2018-07-11,13471.96,13582.3,13408.89,13519.01,385452230
2018-07-12,13543.65,13591.65,13424.43,13472.18,441952325
2018-07-13,13495.84,13667.14,13442.45,13613.29,258155253
2018-07-16,13653.87,13790.07,13389.1,13524.01,442643309
2018-07-17,13511.26,13583.68,13391.91,13464.08,199484925
2018-07-18,13441.68,13738.94,13352.97,13648.86,429319597
2018-07-19,13680.23,14013.64,13657.52,13990.42,267207971
2018-07-20,14016.09,14332.66,13987.66,14303.65,324066871
2018-07-23,14279.06,14328.44,14269.96,14319.32,261943451
2018-07-24,14379.6,14468.41,14270.83,14359.52,391486636
2018-07-25,14366.55,14665.5,14309.49,14607.48,418393336
2018-07-26,14638.65,14643.18,14588.81,14593.33,215561192
2018-07-27,14594.11,14778.29,14260.17,14442.44,311806168
2018-07-30,14431.4,14554.32,14344.07,14466.78,332939703
2018-07-31,14486.23,14596.28,14434.58,14544.42,427445014
2018-08-01,14545.08,14674.29,14289.51,14417.58,201458485
2018-08-02,14423.19,14525.78,14061.53,14162.27,445842559
2018-08-03,14152.37,14250.68,13847.24,13944.11,211385192
2018-08-06,13945.67,14197.41,13801.12,14051.76,410878928
2018-08-07,14072.11,14146.26,13866.7,13940.15,299050840
2018-08-08,13871.94,14037.5,13758.92,13924.06,271963298
2018-08-09,13945.09,14007.55,13899.78,13962.18,391952873
2018-08-10,13906.38,14099.06,13870.58,14062.86,267172533
2018-08-13,14088.91,14128.44,13977.35,14016.68,291578308
2018-08-14,14003.79,14193.09,13910.51,14099.18,314246279
2018-08-15,14133.7,14217.73,13883.74,13966.78,422801402
2018-08-16,13963.97,14024.76,13856.2,13916.79,353783365
2018-08-17,13962.18,14090.6,13638.92,13765.54,446369261
2018-08-20,13762.92,13967.65,13738.0,13942.41,404633139
2018-08-21,13920.38,14051.74,13812.66,13943.84,184996172
2018-08-22,13923.72,14044.53,13715.97,13836.02,395250881
2018-08-23,13846.02,13941.25,13693.09,13787.92,263878651
2018-08-24,13805.94,13909.43,13656.67,13759.81,243884168
2018-08-27,13736.28,13941.01,13667.29,13871.34,381656259
2018-08-28,13936.26,13969.37,13601.02,13633.42,370783497
2018-08-29,13620.48,13745.75,13359.32,13483.33,228388264
2018-08-30,13479.03,13527.07,13384.77,13432.64,262837122
2018-08-31,13397.09,13917.27,13295.17,13812.19,168741583
2018-09-03,13840.36,14105.33,13699.19,13962.91,382967412
2018-09-04,13964.41,14091.98,13823.93,13951.38,204581605
2018-09-05,13922.56,14157.71,13832.0,14066.23,153999168
2018-09-06,14047.17,14484.04,13955.56,14390.2,235655707
2018-09-07,14411.8,14544.52,14226.72,14358.95,404617192
2018-09-10,14330.52,14471.0,14166.58,14306.82,303075487
2018-09-11,14293.25,14545.66,14251.47,14503.27,359408904
2018-09-12,14498.33,14611.43,14474.95,14587.91,430870138
2018-09-13,14588.05,14802.46,14487.84,14701.48,276497715
2018-09-14,14695.58,14807.4,14513.89,14625.17,225100280
2018-09-17,14615.96,15030.4,14528.09,14940.58,369602759
2018-09-18,14897.53,15320.83,14806.24,15227.52,243363650
2018-09-19,15201.6,15399.7,15130.9,15328.41,345663833
2018-09-20,15325.54,15551.47,15224.8,15449.92,304059473
2018-09-21,15399.04,15419.21,15091.78,15111.57,440489811
2018-09-24,15102.44,15336.63,14990.33,15223.62,421700576
2018-09-25,15234.59,15366.8,15065.32,15197.2,267412863
2018-09-26,15236.75,15390.22,15122.63,15275.82,441172405
2018-09-27,15275.21,15441.34,15230.83,15396.6,211694883
2018-09-28,15367.47,15438.14,15274.4,15344.96,330857933
2018-10-01,15353.17,15455.46,14965.38,15065.75,299861602
2018-10-02,15065.88,15216.61,14982.39,15132.75,182770060
2018-10-03,15151.83,15252.21,14915.91,15015.39,307361082
2018-10-04,15024.33,15128.38,14863.21,14966.86,443506314
2018-10-05,14950.5,14993.97,14830.07,14873.32,176623553
2018-10-08,14887.93,14995.87,14715.91,14823.38,438148230
2018-10-09,14816.86,14887.28,14384.04,14452.73,287198725
2018-10-10,14518.59,14706.52,14464.55,14651.98,176435521
2018-10-11,14645.61,14798.57,14546.07,14698.67,301554416
2018-10-12,14664.74,14978.79,14571.6,14884.25,349733806
2018-10-15,14937.77,15348.27,14806.29,15214.36,333648073
2018-10-16,15233.59,15352.07,15105.82,15224.22,349955715
2018-10-17,15227.63,15362.78,14795.97,14928.47,298578483
2018-10-18,14923.81,14994.43,14717.68,14787.65,348253357
2018-10-19,14790.67,14919.6,14470.0,14597.24,205516543
2018-10-22,14606.89,14724.09,14405.97,14522.5,367540105
2018-10-23,14463.71,14680.32,14325.16,14541.03,267869503
2018-10-24,14609.1,14755.26,14084.26,14226.59,151541152
2018-10-25,14217.56,14335.23,14168.44,14285.88,401116869
2018-10-26,14293.81,14337.25,14011.54,14054.25,242628734
2018-10-29,14074.65,14168.24,14012.38,14105.84,244971168
2018-10-30,14132.94,14275.5,13952.33,14094.5,251264663
2018-10-31,14037.21,14148.16,13940.66,14051.51,441759847
2018-11-01,14031.89,14070.71,14007.04,14045.84,344784928
2018-11-02,14028.5,14103.45,13893.43,13968.06,229666070
2018-11-05,13996.94,14017.03,13859.61,13879.54,178525777
2018-11-06,13908.71,14076.37,13463.9,13628.18,165848804
2018-11-07,13644.46,13748.68,13525.09,13629.19,232919502
2018-11-08,13628.82,13945.75,13595.09,13911.32,324132521
2018-11-09,13926.2,14321.66,13826.6,14219.95,257931624
2018-11-12,14240.76,14630.22,14045.57,14432.4,164200064
2018-11-13,14453.41,14656.11,14348.23,14550.22,283908966
2018-11-14,14595.68,14624.35,14419.39,14447.77,292000303
2018-11-15,14414.75,14754.41,14344.49,14682.84,388504212
2018-11-16,14663.61,14798.29,14545.1,14679.65,211255237
2018-11-19,14670.33,14839.04,14505.73,14674.4,301264730
2018-11-20,14719.02,14841.34,14511.65,14633.26,294655713
2018-11-21,14621.96,14768.96,14507.17,14653.91,195297774
2018-11-22,14677.68,14718.79,14548.77,14589.62,211855076
2018-11-23,14599.8,14718.33,14463.63,14582.01,388518131
2018-11-26,14588.32,14744.61,14259.45,14413.87,387597011
2018-11-27,14448.87,14499.78,14309.8,14360.39,206624036
2018-11-28,14363.97,14777.83,14313.79,14726.38,183490193
2018-11-29,14743.45,14793.56,14670.97,14721.0,311205586
2018-11-30,14748.18,14853.85,14583.01,14688.24,381350921
2018-12-03,14716.76,14862.38,14634.87,14780.13,347548735
2018-12-04,14737.09,15069.52,14570.59,14901.17,347248460
2018-12-05,14896.03,15046.93,14575.41,14724.57,417366573
2018-12-06,14737.24,14855.46,14579.01,14696.91,197479379
2018-12-07,14750.69,14955.51,14647.13,14851.24,401257846
2018-12-10,14892.83,14924.32,14869.79,14901.26,263538188
2018-12-11,14927.23,15005.96,14848.48,14927.21,316234539
2018-12-12,14923.21,15279.88,14833.28,15188.35,264665163
2018-12-13,15198.88,15365.63,14915.73,15081.19,151609488
2018-12-14,15025.28,15193.55,14933.14,15100.95,286435087
2018-12-17,15079.31,15222.53,14877.95,15020.61,378723535
2018-12-18,15007.9,15385.42,14897.28,15272.85,352418725
2018-12-19,15260.71,15382.86,14831.38,14951.05,344683330
2018-12-20,14981.39,15053.42,14775.43,14846.81,154469183
2018-12-21,14848.27,14874.09,14740.66,14766.33,412384783
2018-12-24,14775.35,15007.52,14648.75,14880.02,199686095
2018-12-25,14863.49,15125.48,14724.35,14985.21,153445176
2018-12-26,14923.07,15227.97,14916.41,15221.18,359564902
2018-12-27,15178.92,15247.92,14895.7,14963.72,399099368
2018-12-28,14964.28,15180.23,14878.04,15093.24,177879706
2018-12-31,15091.21,15214.52,14927.61,15050.58,315112182
2019-01-01,15036.37,15069.59,14913.38,14946.4,403255565
2019-01-02,14909.22,15226.67,14725.27,15041.09,323987918
2019-01-03,14970.34,15052.24,14813.38,14894.87,261142975
2019-01-04,14938.3,15049.59,14452.06,14560.54,181090943
2019-01-07,14536.38,14623.7,14419.93,14507.07,443579455
2019-01-08,14532.13,14672.0,14136.48,14273.86,380502712
2019-01-09,14248.19,14366.18,14060.27,14177.68,255253012
2019-01-10,14184.84,14373.93,14052.74,14241.3,223520780
2019-01-11,14280.9,14366.92,14209.92,14295.87,432062319
2019-01-14,14254.42,14655.72,14151.97,14551.14,449555649
2019-01-15,14602.84,14720.49,14407.98,14525.0,363448668
2019-01-16,14531.69,14723.55,14097.2,14285.82,426783760
2019-01-17,14256.11,14380.26,14049.29,14172.72,353953370
2019-01-18,14156.55,14243.6,13948.76,14035.06,415600041
2019-01-21,14037.57,14185.58,13706.6,13852.66,403316272
2019-01-22,13826.72,13985.73,13765.96,13924.54,415148570
2019-01-23,13880.18,13983.74,13728.07,13831.28,305034842
2019-01-24,13818.6,13919.01,13437.61,13535.97,172078061
2019-01-25,13506.91,13712.31,13440.43,13645.15,384107913
2019-01-28,13673.5,13748.39,13559.21,13633.88,158008660
2019-01-29,13650.94,13796.71,13547.4,13692.85,367420423
2019-01-30,13683.18,13732.37,13665.11,13714.25,270299964
2019-01-31,13741.28,13904.99,13651.8,13815.03,242352406
2019-02-01,13842.2,13842.72,13825.8,13826.33,276151078
2019-02-04,13780.58,14025.88,13774.68,14019.88,411682759
2019-02-05,13995.29,14219.62,13867.57,14091.02,272639066
2019-02-06,14106.97,14240.92,14023.78,14157.43,302186190
2019-02-07,14161.15,14344.76,14043.86,14226.92,329036588
2019-02-08,14218.33,14320.53,13903.99,14004.66,338156683
2019-02-11,14008.58,14016.44,13977.05,13984.89,385177884
2019-02-12,13974.13,14114.94,13810.03,13950.6,334785763
2019-02-13,13939.55,14065.95,13861.9,13988.03,386493397
2019-02-14,13971.05,14034.56,13721.9,13784.56,325654457
2019-02-15,13815.55,14110.79,13743.77,14037.86,429055106
2019-02-18,14009.17,14106.47,13962.46,14059.59,354053195
2019-02-19,14043.49,14044.89,13876.5,13877.88,352950424
2019-02-20,13827.26,13943.21,13508.32,13622.56,229590871
2019-02-21,13641.86,13645.25,13582.48,13585.86,413197981
2019-02-22,13608.99,13709.4,13477.71,13577.89,321119606
2019-02-25,13556.61,13667.82,13365.49,13476.04,177374012
2019-02-26,13432.2,13527.29,13400.14,13495.08,195418859
2019-02-27,13456.23,13492.09,13369.57,13405.3,157792258
2019-02-28,13428.86,13518.98,13402.01,13492.01,374607655
2019-03-01,13460.94,13503.28,13347.77,13389.88,285452354
2019-03-04,13395.11,13461.83,13322.87,13389.56,381785390
2019-03-05,13412.65,13591.43,13360.8,13539.09,414842984
2019-03-06,13504.17,13990.0,13443.57,13927.5,426273640
2019-03-07,13928.47,13973.01,13734.64,13778.7,265646234
2019-03-08,13786.25,13943.88,13557.0,13713.8,312968450
2019-03-11,13697.67,13781.35,13509.56,13592.6,183253323
2019-03-12,13629.12,13770.53,13574.24,13715.31,168371226
2019-03-13,13691.77,13728.51,13511.23,13547.58,187880324
2019-03-14,13558.02,13659.74,13379.68,13480.82,171056061
2019-03-15,13476.42,13563.79,13394.49,13481.82,218653482
2019-03-18,13515.72,13631.26,13228.02,13342.08,377970222
2019-03-19,13304.18,13382.83,13128.84,13206.92,409109610
2019-03-20,13209.14,13316.05,13036.72,13143.1,287102762
2019-03-21,13136.62,13189.06,12793.42,12844.69,250859509
2019-03-22,12832.28,12839.83,12638.15,12645.59,434601406
2019-03-25,12644.27,12696.47,12541.21,12593.2,407767866
2019-03-26,12604.24,12654.53,12568.51,12618.77,252913823
2019-03-27,12607.01,12644.48,12560.59,12598.03,432669889
2019-03-28,12570.38,12670.97,12258.36,12357.24,370717735
2019-03-29,12344.92,12434.18,12210.21,12299.14,398701681
2019-04-01,12270.75,12488.84,12194.86,12412.08,427029807
2019-04-02,12369.25,12548.58,12314.16,12492.94,389313354
2019-04-03,12479.43,12582.41,12384.19,12487.11,226558836
2019-04-04,12490.62,12557.51,12303.98,12370.22,343255603
2019-04-05,12389.93,12541.43,12310.02,12461.06,208373888
2019-04-08,12473.42,12575.35,12285.46,12386.69,366969386
2019-04-09,12383.99,12445.8,12171.28,12232.33,222536145
2019-04-10,12239.27,12295.81,12073.25,12129.28,231080452
2019-04-11,12137.61,12440.64,12026.09,12327.38,155367857
2019-04-12,12347.33,12420.55,12289.01,12362.16,236955793
2019-04-15,12329.32,12596.1,12259.08,12524.75,429239029
2019-04-16,12520.47,12635.36,12349.35,12463.72,380216347
2019-04-17,12453.05,12663.28,12387.85,12597.33,211820367
2019-04-18,12614.66,12670.55,12463.54,12519.01,414045983
2019-04-19,12513.87,12651.43,12364.9,12502.34,339002301
2019-04-22,12538.36,12948.8,12441.25,12849.28,293881771
2019-04-23,12854.96,13001.19,12816.95,12962.85,390533681
2019-04-24,12976.08,13054.36,12818.78,12896.57,311988396
2019-04-25,12901.04,12956.59,12834.2,12889.7,430472420
2019-04-26,12888.17,13009.78,12819.78,12941.11,280736325
2019-04-29,12948.04,13251.54,12816.82,13118.6,377187085
2019-04-30,13126.82,13138.55,13041.6,13053.26,366279760
2019-05-01,13026.74,13041.27,12794.16,12808.45,216678216
2019-05-02,12786.95,12883.25,12677.97,12774.18,210276055
2019-05-03,12783.18,12835.13,12729.51,12781.45,317372628
2019-05-06,12787.03,12847.93,12741.12,12801.96,236610636
2019-05-07,12764.44,13013.89,12743.42,12992.5,395333627
2019-05-08,12968.98,13174.81,12837.88,13042.96,191546830
2019-05-09,13006.79,13290.89,12882.23,13164.81,396900311
2019-05-10,13198.42,13268.48,12941.55,13010.62,247450356
2019-05-13,13008.07,13192.81,12955.81,13140.03,213757159
2019-05-14,13138.08,13553.46,13035.32,13448.28,400113216
2019-05-15,13447.18,13687.86,13328.38,13567.99,182827555
2019-05-16,13598.76,13704.86,13505.25,13611.26,439067342
2019-05-17,13618.77,13717.0,13541.64,13639.76,349829989
2019-05-20,13647.8,13948.28,13613.54,13913.36,154542424
2019-05-21,13923.19,14013.13,13688.02,13777.02,260085186
2019-05-22,13751.89,13934.85,13582.91,13765.69,403551847
2019-05-23,13737.56,13885.77,13693.01,13840.89,180243088
2019-05-24,13847.14,13960.3,13846.53,13959.7,370201754
2019-05-27,13936.18,13954.0,13880.36,13898.13,300118054
2019-05-28,13869.85,14026.62,13794.34,13950.67,173756146
2019-05-29,13958.09,14085.75,13786.34,13913.6,321536754
2019-05-30,13934.51,14068.44,13803.7,13937.6,198132622
2019-05-31,13952.49,14014.39,13861.15,13922.93,278779402
2019-06-03,13952.43,14013.5,13693.46,13753.66,409620903
2019-06-04,13735.31,13899.27,13592.22,13755.96,367162014
2019-06-05,13776.12,13984.43,13686.65,13894.19,208256129
2019-06-06,13913.55,14031.38,13635.49,13751.96,333020421
2019-06-07,13713.03,13797.2,13636.86,13720.99,422421615
2019-06-10,13687.17,13912.56,13602.29,13826.81,240086250
2019-06-11,13806.76,13943.52,13534.21,13669.62,311990428
2019-06-12,13682.27,13749.17,13635.73,13702.55,445318102
2019-06-13,13700.53,13730.73,13518.38,13548.24,357904347
2019-06-14,13547.84,13825.31,13446.59,13722.75,301409161
2019-06-17,13728.45,14078.06,13727.76,14077.36,427462546
2019-06-18,14066.36,14502.06,13962.87,14396.14,189334304
2019-06-19,14403.33,14537.37,14233.49,14367.19,413020409
2019-06-20,14328.67,14597.16,14222.63,14489.92,331818886
2019-06-21,14469.43,14608.12,14376.61,14515.0,240374113
2019-06-24,14525.12,14651.79,14410.54,14537.11,283607091
2019-06-25,14518.69,14884.84,14426.01,14790.42,168544705
2019-06-26,14754.2,14777.79,14558.4,14581.72,171253318
2019-06-27,14596.24,14840.42,14513.55,14756.82,206940031
2019-06-28,14707.37,14803.15,14659.15,14754.77,395555504
2019-07-01,14753.63,15146.53,14598.86,14989.28,440467496
2019-07-02,15018.86,15149.67,14895.41,15026.15,419747185
2019-07-03,14970.78,15053.63,14838.4,14920.98,342389582
2019-07-04,14933.48,15077.34,14828.84,14972.43,439196949
2019-07-05,14983.14,15177.03,14906.34,15099.63,233106304
2019-07-08,15150.94,15306.27,14956.68,15111.61,343269937
2019-07-09,15107.02,15242.66,15063.41,15198.78,202926039
2019-07-10,15259.41,15323.01,15054.64,15117.64,324961298
2019-07-11,15152.05,15327.07,14598.25,14768.84,181095285
2019-07-12,14739.26,15020.87,14640.56,14920.96,208484042
2019-07-15,14908.85,15152.52,14798.99,15041.68,375380957
2019-07-16,15049.56,15247.96,14874.09,15072.22,439242420
2019-07-17,15088.24,15177.08,15000.75,15089.59,167587039
2019-07-18,15121.79,15344.11,15046.05,15267.63,370455012
2019-07-19,15254.7,15445.97,15006.43,15196.97,405656895
2019-07-22,15170.25,15236.35,15019.21,15084.94,350552746
2019-07-23,15084.5,15124.54,15019.72,15059.69,257629218
2019-07-24,14994.41,15399.92,14859.6,15262.7,358341991
2019-07-25,15236.96,15300.96,14972.76,15035.92,164693189
2019-07-26,15022.96,15282.94,14979.7,15239.06,402487055
2019-07-29,15204.53,15300.41,15042.53,15137.99,420104115
2019-07-30,15208.8,15330.97,14840.58,14960.76,252936912
2019-07-31,14981.34,15193.95,14961.76,15174.11,269954457
2019-08-01,15171.59,15206.08,15129.53,15164.0,183529684
2019-08-02,15185.64,15263.68,14876.34,14953.19,354090811
2019-08-05,14952.57,15035.67,14817.35,14900.16,447371620
2019-08-06,14881.02,15077.68,14862.28,15058.72,227504015
2019-08-07,15074.4,15287.76,15049.16,15262.21,159449955
2019-08-08,15224.37,15299.43,15121.69,15196.61,196205656
2019-08-09,15173.36,15371.52,15073.09,15270.61,231477783
2019-08-12,15299.67,15497.82,15199.16,15396.67,390877375
2019-08-13,15400.92,15491.68,15203.52,15293.65,297571238
2019-08-14,15318.09,15363.88,15313.72,15359.49,150158792
2019-08-15,15368.96,15415.44,15313.8,15360.25,162051842
2019-08-16,15320.56,15410.0,15186.66,15275.83,201088455
2019-08-19,15262.19,15377.77,15084.14,15199.24,243070701
2019-08-20,15230.91,15248.49,15198.97,15216.53,191147407
2019-08-21,15212.53,15405.75,15034.57,15227.61,411102500
2019-08-22,15252.24,15407.23,14985.14,15138.98,295705606
2019-08-23,15140.28,15163.25,15051.24,15074.11,337621777
2019-08-26,15038.41,15386.22,14918.73,15264.74,448329913
2019-08-27,15292.22,15362.29,15236.73,15306.75,325134455
2019-08-28,15296.73,15564.07,15195.66,15461.9,168141123
2019-08-29,15405.96,15747.3,15332.42,15672.49,155476192
2019-08-30,15721.37,15975.64,15526.74,15780.28,195741399
2019-09-02,15775.0,16363.91,15596.46,16180.78,278164795
2019-09-03,16161.88,16216.71,15985.94,16040.36,228463736
2019-09-04,15966.66,16330.17,15827.84,16189.41,186587527
2019-09-05,16175.4,16383.14,15931.95,16139.23,226849021
2019-09-06,16148.04,16580.42,16044.85,16475.15,266154956
2019-09-09,16413.71,16963.26,16244.23,16789.9,256348615
2019-09-10,16775.76,16865.38,16347.89,16435.7,266596064
2019-09-11,16361.26,16502.05,16127.13,16267.11,153397312
2019-09-12,16297.39,16458.21,16232.05,16392.48,277384985
2019-09-13,16393.64,16657.35,16278.8,16541.47,202570688
2019-09-16,16571.43,16784.57,16469.65,16682.11,244795288
2019-09-17,16737.68,16823.08,16590.69,16675.78,448263279
2019-09-18,16653.66,16840.2,16579.89,16765.93,384356545
2019-09-19,16678.94,16950.68,16622.06,16893.07,402289445
2019-09-20,16925.19,17037.35,16773.47,16885.36,288978708
2019-09-23,16855.82,17200.5,16739.81,17082.92,302183798
2019-09-24,17012.06,17096.78,16582.18,16665.17,422400240
2019-09-25,16680.83,16921.14,16548.56,16788.02,410828535
2019-09-26,16760.17,16903.88,16461.41,16603.78,253221837
2019-09-27,16664.05,16861.99,16588.13,16785.51,294412299
2019-09-30,16808.57,16828.15,16730.49,16750.0,193076699
2019-10-01,16682.46,16810.52,16465.57,16592.94,172655291
2019-10-02,16592.59,16775.16,16485.75,16667.83,256541552
2019-10-03,16646.62,16729.18,16425.53,16507.4,261516132
2019-10-04,16532.43,16714.24,16168.48,16348.27,411478395
2019-10-07,16339.47,16354.01,16058.65,16072.96,401047866
2019-10-08,16112.25,16235.55,15951.66,16074.66,257682915
2019-10-09,16094.93,16272.28,15992.06,16168.94,441072780
2019-10-10,16242.42,16456.69,16143.79,16357.36,396171009
2019-10-11,16372.51,16377.16,16333.76,16338.41,334283637
2019-10-14,16317.8,16595.84,16256.04,16533.26,357903927
2019-10-15,16530.58,16657.14,16416.67,16543.14,277212898
2019-10-16,16516.64,16715.33,16334.27,16532.79,227531641
2019-10-17,16495.85,16718.51,16421.71,16643.71,174625546
2019-10-18,16649.94,16879.37,16615.11,16844.14,207399517
2019-10-21,16861.64,16992.25,16657.58,16787.61,289286350
2019-10-22,16776.07,16970.28,16555.41,16749.31,183830929
2019-10-23,16750.34,16862.4,16614.48,16726.38,165759570
2019-10-24,16692.53,16762.04,16678.83,16748.3,284806929
2019-10-25,16725.43,16807.07,16508.14,16589.11,321826911
2019-10-28,16572.3,16920.19,16437.17,16783.34,358379351
2019-10-29,16701.47,16756.96,16660.68,16716.13,251211547
2019-10-30,16653.33,16973.81,16488.89,16807.85,238198244
2019-10-31,16787.13,16859.33,16590.29,16661.96,171987349
2019-11-01,16623.52,16877.41,16481.43,16734.38,436338086
2019-11-04,16718.89,16922.68,16609.99,16813.16,362682194
2019-11-05,16742.99,16899.77,16585.31,16742.08,154273222
2019-11-06,16753.62,17249.45,16627.87,17120.95,434587692
2019-11-07,17161.6,17288.3,17071.17,17197.68,385645086
2019-11-08,17190.2,17681.14,17052.58,17540.71,257208995
2019-11-11,17553.94,17823.49,17464.15,17732.79,201004623
2019-11-12,17732.59,17809.49,17534.33,17610.7,446120272
2019-11-13,17634.17,17786.82,17391.83,17543.71,449396520
2019-11-14,17542.16,17837.63,17340.48,17634.88,292735555
2019-11-15,17578.82,17744.76,17488.25,17653.8,179500552
2019-11-18,17712.59,17793.85,17589.41,17670.47,254474470
2019-11-19,17612.1,17798.98,17435.13,17621.91,426315656
2019-11-20,17639.46,17679.43,17239.25,17278.4,427644307
2019-11-21,17303.56,17351.68,17194.51,17242.46,270453036
2019-11-22,17194.49,17287.31,16737.8,16828.66,237535393
2019-11-25,16810.82,16947.42,16767.86,16904.22,235962809
2019-11-26,16890.21,16938.12,16728.39,16775.97,402618818
2019-11-27,16776.39,16873.48,16554.29,16650.66,162241772
2019-11-28,16673.94,16748.81,16542.54,16617.15,331454259
2019-11-29,16571.21,16705.15,16539.89,16673.64,215796823
2019-12-02,16663.84,16838.43,16245.65,16417.67,296116957
2019-12-03,16444.04,16508.66,16045.15,16108.45,264977855
2019-12-04,16137.35,16175.59,15888.25,15925.99,334053343
2019-12-05,15956.84,16031.95,15501.37,15574.68,430726565
2019-12-06,15597.22,15717.8,15296.09,15415.27,305921965
2019-12-09,15405.24,15798.6,15299.8,15691.2,440304146
2019-12-10,15656.15,15744.4,15427.64,15515.1,315650931
2019-12-11,15547.35,15916.75,15264.62,15632.48,173887817
2019-12-12,15653.06,15748.93,15308.54,15402.87,411814200
2019-12-13,15370.15,15599.57,15231.11,15459.71,318590077
2019-12-16,15406.92,15464.63,15353.83,15411.52,443688245
2019-12-17,15421.16,15455.62,15373.12,15407.55,159763714
2019-12-18,15453.72,15652.02,15312.33,15510.11,409613136
2019-12-19,15490.99,15882.22,15426.08,15815.95,181129568
2019-12-20,15772.64,15882.26,15746.67,15856.15,170321908
2019-12-23,15868.76,16007.09,15745.97,15884.18,334769358
2019-12-24,15893.91,15999.79,15615.74,15720.46,165101916
2019-12-25,15701.34,15937.56,15592.28,15827.62,308050418
2019-12-26,15779.42,15884.07,15686.54,15791.11,427791451
2019-12-27,15836.36,16098.88,15680.47,15941.95,420071864
2019-12-30,15925.66,16018.07,15848.33,15940.66,370564527
2019-12-31,15983.27,16435.02,15803.57,16252.29,421108978
2020-01-01,16201.99,16276.16,15831.49,15904.3,424871149
2020-01-02,15910.31,16061.95,15707.62,15858.77,197899339
2020-01-03,15830.64,16143.78,15707.22,16018.89,160500289
2020-01-06,16007.76,16216.12,15755.71,15963.5,340156346
2020-01-07,15975.82,16063.01,15744.38,15830.78,371850515
2020-01-08,15818.69,15961.74,15648.02,15790.81,391897409
2020-01-09,15810.91,15852.06,15516.95,15557.44,189993927
2020-01-10,15562.81,15612.56,15534.3,15584.02,381758644
2020-01-13,15558.95,16040.06,15528.38,16008.6,232709727
2020-01-14,15964.54,16278.2,15903.94,16216.64,320185978
2020-01-15,16183.26,16303.91,15905.83,16025.3,303683709
2020-01-16,16049.5,16132.08,15796.06,15877.76,382054351
2020-01-17,15840.65,15971.93,15682.36,15813.42,321327541
2020-01-20,15747.72,15995.22,15746.98,15994.46,427282391
2020-01-21,16016.39,16141.99,15731.99,15856.33,273945419
2020-01-22,15885.94,15968.79,15660.18,15742.28,164291943
2020-01-23,15700.99,15970.66,15632.99,15901.79,319534071
2020-01-24,15918.47,16116.5,15861.86,16059.39,212925689
2020-01-27,16035.31,16061.99,15973.16,15999.78,417492291
2020-01-28,15960.95,16095.11,15676.57,15809.46,436922839
2020-01-29,15822.47,15859.91,15509.48,15546.27,254393918
2020-01-30,15511.15,15575.87,15368.57,15432.96,402671028
2020-01-31,15448.57,15484.8,15025.15,15060.47,282208561
2020-02-03,15054.02,15199.77,15045.04,15190.71,432129695
2020-02-04,15151.0,15259.08,14983.86,15091.51,281417689
2020-02-05,15117.38,15213.6,15081.37,15177.45,380380873
2020-02-06,15152.51,15623.59,15027.2,15495.44,409956871
2020-02-07,15481.91,15768.07,15416.34,15701.58,265039262
2020-02-10,15716.54,15818.03,15408.89,15509.03,223420049
2020-02-11,15542.29,15792.91,15413.92,15663.53,299419464
2020-02-12,15644.03,15956.73,15557.84,15869.29,281825995
2020-02-13,15865.99,15894.28,15717.28,15745.36,257517625
2020-02-14,15713.2,15851.42,15449.44,15586.54,375385026
2020-02-17,15535.51,15712.05,15397.77,15573.97,289080030
2020-02-18,15581.55,15666.5,15222.41,15305.86,267680478
2020-02-19,15321.08,15673.27,15209.15,15559.6,313005163
2020-02-20,15596.03,15668.8,15083.42,15154.13,406651148
2020-02-21,15145.89,15223.61,14898.84,14975.69,205835627
2020-02-24,15031.01,15162.08,14807.02,14937.28,311337177
2020-02-25,14908.31,14980.91,14833.35,14905.94,167502959
2020-02-26,14883.58,15027.52,14795.53,14939.14,179676897
2020-02-27,14944.32,15181.28,14753.34,14989.72,428829507
2020-02-28,14933.58,15094.74,14799.58,14960.5,260025811
2020-03-02,14972.39,15210.63,14916.01,15153.57,216959363
2020-03-03,15147.8,15214.27,14738.07,14803.02,193915543
2020-03-04,14803.33,14940.89,14671.41,14808.92,348944812
2020-03-05,14762.64,14907.83,14553.88,14698.44,281807752
2020-03-06,14686.28,14878.98,14533.45,14725.74,278207913
2020-03-09,14736.78,14909.12,14595.35,14767.39,259268619
2020-03-10,14783.04,14918.36,14491.3,14625.18,397284916
2020-03-11,14625.75,14675.3,14478.7,14527.92,251812395
2020-03-12,14546.45,14778.11,14429.64,14660.39,169968772
2020-03-13,14721.05,14724.53,14719.06,14722.54,398812588
2020-03-16,14715.67,14849.41,14485.42,14618.27,253673281
2020-03-17,14580.51,15030.05,14504.52,14952.13,419196643
2020-03-18,15014.59,15493.72,14862.06,15337.91,376715998
2020-03-19,15309.82,15465.81,14943.48,15097.3,242407793
2020-03-20,15132.14,15278.31,15007.47,15153.46,379840252
2020-03-23,15164.05,15680.86,15063.67,15577.74,415116128
2020-03-24,15549.59,15786.71,15481.91,15718.3,417839638
2020-03-25,15740.4,15862.58,15640.76,15762.81,414410508
2020-03-26,15820.26,15897.86,15655.86,15733.04,425279598
2020-03-27,15656.4,15733.2,15568.92,15645.67,243369818
2020-03-30,15653.43,15763.96,15505.1,15615.35,202315624
2020-03-31,15616.55,15670.29,15473.57,15527.0,211886107
2020-04-01,15572.6,15721.81,15511.58,15660.44,419223820
2020-04-02,15681.85,15761.09,15519.3,15598.12,195771573
2020-04-03,15559.84,15717.99,15370.83,15528.66,418422902
2020-04-06,15449.77,15501.71,15278.0,15329.53,231564766
2020-04-07,15341.99,15416.4,15252.96,15327.3,352000014
2020-04-08,15349.53,15435.86,15097.29,15182.68,387261639
2020-04-09,15168.15,15356.46,14970.37,15158.56,175841394
2020-04-10,15151.15,15422.0,15068.52,15338.34,192914209
2020-04-13,15304.37,15462.99,15247.98,15406.22,375024067
2020-04-14,15425.53,15616.08,15307.92,15497.92,439353552
2020-04-15,15497.28,15624.47,15437.89,15564.82,167882262
2020-04-16,15585.53,15598.36,15568.35,15581.18,429510489
2020-04-17,15569.89,15650.57,15484.93,15565.59,445842181
2020-04-20,15538.62,15638.09,15419.77,15519.11,150025823
2020-04-21,15497.8,15710.24,15443.02,15654.91,430544567
2020-04-22,15710.81,15839.23,15347.97,15474.46,340908461
2020-04-23,15511.1,15804.81,15416.36,15708.87,361860434
2020-04-24,15738.71,15869.36,15590.54,15721.04,427644353
2020-04-27,15758.77,15964.7,15394.02,15597.85,243477524
2020-04-28,15590.39,15695.51,15415.53,15520.17,312125798
2020-04-29,15518.22,15589.3,15340.21,15410.8,311197611
2020-04-30,15367.43,15537.21,15274.8,15444.12,298151724
2020-05-01,15463.41,15529.08,15263.25,15328.35,326036346
2020-05-04,15362.92,15679.68,15211.9,15527.05,347608408
2020-05-05,15514.01,15673.08,15241.86,15399.76,315945575
2020-05-06,15453.54,15567.54,14910.15,15020.96,195631321
2020-05-07,14991.33,15147.12,14751.28,14906.19,324504116
2020-05-08,14901.19,14973.56,14511.99,14582.82,299073851
2020-05-11,14586.13,14650.01,14518.39,14582.26,354146540
2020-05-12,14613.47,14880.87,14491.78,14757.98,285906683
2020-05-13,14793.93,14984.14,14679.41,14869.04,436863793
2020-05-14,14845.41,14927.37,14575.29,14656.21,154674177
2020-05-15,14681.87,14752.04,14469.7,14539.19,174704132
2020-05-18,14624.09,14907.66,14546.98,14829.46,423675961
2020-05-19,14812.07,15027.99,14672.14,14887.35,220239289
2020-05-20,14909.61,14997.82,14805.86,14893.98,336574937
2020-05-21,14887.12,15182.68,14778.75,15072.96,151722943
2020-05-22,15098.14,15614.0,14973.01,15485.65,407251872
2020-05-25,15476.31,15827.35,15363.4,15712.71,170050711
2020-05-26,15739.23,15873.68,15608.68,15743.09,221611199
2020-05-27,15645.91,15863.45,15593.83,15810.81,210501475
2020-05-28,15786.28,16009.0,15702.47,15924.46,430136158
2020-05-29,15930.16,16069.78,15684.82,15823.5,420621441
2020-06-01,15843.05,15932.07,15557.64,15645.55,159954638
2020-06-02,15646.28,15837.45,15469.83,15660.84,244557509
2020-06-03,15641.64,15749.78,15396.74,15503.93,366108092
2020-06-04,15552.47,15661.92,15390.56,15499.65,330352935
2020-06-05,15436.3,15632.83,15326.32,15522.23,417453800
2020-06-08,15510.21,16018.33,15422.41,15928.16,243863753
2020-06-09,15961.64,16079.9,15668.47,15785.42,383212837
2020-06-10,15777.09,15913.97,15633.76,15770.59,446345539
2020-06-11,15784.32,15884.0,15648.94,15748.39,250425459
2020-06-12,15757.87,15937.45,15651.36,15830.45,207774303
2020-06-15,15819.7,16093.1,15746.57,16019.05,329777496
2020-06-16,16019.86,16070.12,15889.03,15939.03,268456532
2020-06-17,15898.9,16056.34,15644.92,15801.4,446402387
2020-06-18,15793.83,15887.45,15430.52,15522.54,260940653
2020-06-19,15518.35,15612.55,15277.3,15370.6,158325770
2020-06-22,15371.3,15563.28,15276.07,15467.45,214100517
2020-06-23,15442.55,15617.58,15306.72,15481.4,194903775
2020-06-24,15459.97,15600.73,15175.24,15314.67,172167146
2020-06-25,15255.9,15300.96,15212.95,15258.0,190967555
2020-06-26,15288.28,15373.21,15184.56,15269.39,267282732
2020-06-29,15248.89,15469.54,15140.24,15360.09,302854789
2020-06-30,15327.98,15423.48,15170.86,15265.98,210502726
2020-07-01,15198.34,15300.74,15127.78,15230.03,321363617
2020-07-02,15210.23,15326.12,14817.72,14931.48,157043132
2020-07-03,14957.63,15009.03,14697.66,14748.34,366014779
2020-07-06,14795.8,15080.11,14733.3,15016.68,415710373
2020-07-07,14954.94,14971.97,14644.54,14661.25,430275395
2020-07-08,14706.37,14790.75,14528.79,14612.63,252941709
2020-07-09,14593.71,14708.75,14538.89,14653.71,396439114
2020-07-10,14621.7,14768.75,14452.41,14599.23,153469497
2020-07-13,14596.78,14762.76,14310.69,14475.29,273484208
2020-07-14,14469.53,14486.56,14454.32,14471.35,334863026
2020-07-15,14495.79,14566.75,14405.48,14476.35,301022943
2020-07-16,14469.49,14624.34,14314.22,14469.06,293448519
2020-07-17,14461.44,14598.62,14041.52,14176.0,166396002
2020-07-20,14175.85,14228.93,14105.67,14158.68,356902725
2020-07-21,14173.05,14232.54,13972.26,14031.16,417825049
2020-07-22,14065.63,14190.53,13828.35,13952.24,258032587
2020-07-23,13953.99,14102.21,13844.73,13992.65,278679251
2020-07-24,14008.45,14169.8,13935.99,14096.87,192058817
2020-07-27,14122.11,14317.31,14047.0,14241.57,320698843
2020-07-28,14259.12,14304.02,14124.88,14169.5,341873457
2020-07-29,14172.39,14422.97,14069.66,14319.19,428157576
2020-07-30,14296.61,14578.81,14228.6,14509.79,269518906
2020-07-31,14494.38,14817.41,14375.64,14697.01,384951506
2020-08-03,14675.94,15036.91,14568.43,14927.57,412988651
2020-08-04,14973.21,15079.27,14804.01,14909.62,352128480
2020-08-05,14861.7,14982.19,14766.69,14887.02,247995126
2020-08-06,14918.18,15105.63,14841.21,15028.08,284340839
2020-08-07,15061.62,15180.22,14691.59,14808.2,216745690
2020-08-10,14820.88,14926.01,14743.24,14848.23,423505807
2020-08-11,14833.25,14911.21,14689.9,14767.52,205781806
2020-08-12,14769.63,14881.81,14601.76,14713.52,337107842
2020-08-13,14726.16,14801.65,14363.53,14437.54,226870314
2020-08-14,14439.72,14543.6,14198.99,14301.89,163091717
2020-08-17,14255.72,14357.72,14202.56,14304.38,221549551
2020-08-18,14281.85,14528.27,14204.39,14449.9,281446487
2020-08-19,14442.29,14689.97,14366.26,14613.04,306560335
2020-08-20,14587.91,14723.67,14470.36,14605.98,204479998
2020-08-21,14614.49,14630.76,14565.17,14581.41,261654935
2020-08-24,14582.21,14621.06,14415.49,14454.0,264270328
2020-08-25,14503.64,14591.7,14435.79,14523.76,440838377
2020-08-26,14512.76,14604.16,14398.76,14490.01,344593885
2020-08-27,14484.67,14678.07,14399.61,14592.38,211172218
2020-08-28,14638.01,14979.48,14539.54,14879.39,178774061
2020-08-31,14904.73,15045.3,14739.7,14880.04,432091837
2020-09-01,14851.54,15016.66,14478.12,14640.91,190652761
2020-09-02,14661.56,14792.39,14378.67,14508.13,250735745
2020-09-03,14483.58,14606.76,14159.77,14281.22,190757482
2020-09-04,14293.54,14357.03,14036.25,14098.88,294993134
2020-09-07,14163.76,14417.89,14053.92,14306.95,320216999
2020-09-08,14300.62,14443.57,14205.71,14348.34,437801533
2020-09-09,14374.99,14510.79,13980.82,14114.15,275233880
2020-09-10,14131.1,14359.34,13993.91,14221.28,384172867
2020-09-11,14263.63,14458.07,14230.07,14424.13,292498365
2020-09-14,14410.67,14457.36,14326.24,14372.8,434020330
2020-09-15,14376.16,14525.5,14123.41,14271.67,224755903
2020-09-16,14290.88,14332.64,14182.85,14224.42,311640953
2020-09-17,14216.63,14405.19,14086.61,14274.64,177743829
2020-09-18,14260.04,14463.81,14177.76,14380.84,245364041
2020-09-21,14390.17,14582.28,14381.6,14573.61,320536651
2020-09-22,14596.91,14878.51,14493.46,14773.81,352534080
2020-09-23,14791.2,15019.13,14744.99,14972.36,167287046
2020-09-24,14949.96,15267.56,14886.13,15202.65,355542589
2020-09-25,15210.88,15415.4,15115.49,15319.33,447093968
2020-09-28,15323.86,15499.09,14895.19,15067.49,162464423
2020-09-29,15107.43,15166.39,14993.06,15051.81,193304258
2020-09-30,15032.74,15279.14,14864.26,15109.8,182135671
2020-10-01,15100.83,15254.8,14898.69,15052.17,418706372
2020-10-02,15100.9,15276.49,15033.95,15209.07,433893404
2020-10-05,15201.48,15297.38,15059.28,15154.89,243443005
2020-10-06,15129.32,15176.62,14959.71,15006.63,366279772
2020-10-07,14995.18,15382.48,14865.96,15251.04,374302031
2020-10-08,15237.99,15452.5,15155.08,15368.87,396873877
2020-10-09,15355.19,15442.38,15325.01,15412.09,259632289
2020-10-12,15458.46,15590.42,15443.51,15575.36,206389992
2020-10-13,15555.61,15885.58,15435.27,15763.63,236406029
2020-10-14,15720.26,15953.72,15596.47,15829.07,442342690
2020-10-15,15869.35,15924.59,15353.85,15407.48,408339366
2020-10-16,15414.52,15456.57,15257.4,15299.14,240276125
2020-10-19,15315.26,15412.11,15132.12,15228.42,187735795
2020-10-20,15235.58,15390.33,14916.58,15069.65,192023193
2020-10-21,15084.44,15261.15,14932.14,15108.61,426647881
2020-10-22,15128.36,15350.45,15091.15,15312.79,257790608
2020-10-23,15321.39,15436.71,15122.55,15237.24,432407012
2020-10-26,15193.77,15346.6,14901.71,15053.12,255453016
2020-10-27,15055.75,15505.22,14947.92,15394.96,374363500
2020-10-28,15367.95,15464.39,15228.49,15324.67,167471301
2020-10-29,15334.45,15412.33,15046.14,15122.95,226594021
2020-10-30,15125.98,15173.11,15121.42,15168.54,403950324
2020-11-02,15210.44,15287.02,15169.15,15245.63,256252807
2020-11-03,15179.68,15227.89,15085.43,15133.49,411050756
2020-11-04,15108.8,15388.53,14992.65,15271.13,174622561
2020-11-05,15243.8,15349.12,15090.4,15195.38,209227267
2020-11-06,15166.79,15359.05,14856.44,15047.19,315256118
2020-11-09,15064.16,15262.61,14884.53,15082.77,360148090
2020-11-10,15052.71,15339.11,14931.61,15216.68,411189257
2020-11-11,15188.13,15306.43,14998.93,15116.67,188329076
2020-11-12,15137.7,15196.95,15118.49,15177.69,263411098
2020-11-13,15143.72,15206.86,15105.07,15168.16,204264769
2020-11-16,15123.05,15705.81,15064.73,15645.48,302708688
2020-11-17,15615.94,15642.67,15503.21,15529.79,231989826
2020-11-18,15533.31,15893.63,15413.98,15772.46,223207427
2020-11-19,15731.46,15838.65,15662.67,15769.69,240916609
2020-11-20,15770.39,15854.71,15669.78,15754.01,290391965
2020-11-23,15732.36,16019.94,15599.09,15885.37,395367149
2020-11-24,15912.69,16177.57,15784.16,16047.94,243697697
2020-11-25,16041.66,16473.3,15849.21,16278.02,401609455
2020-11-26,16335.08,16422.32,16256.18,16343.38,397278061
2020-11-27,16339.83,16496.69,16086.06,16241.98,370492287
2020-11-30,16216.38,16333.61,16035.65,16152.42,197753607
2020-12-01,16154.26,16313.17,16090.9,16249.43,159891133
2020-12-02,16242.25,16381.3,16220.87,16359.77,311548829
2020-12-03,16342.33,16618.63,16341.61,16617.9,420228915
2020-12-04,16694.01,16877.16,16517.95,16701.03,428731872
2020-12-07,16742.39,17019.67,16626.3,16902.48,201657283
2020-12-08,16936.53,17360.45,16769.84,17191.25,294730846
2020-12-09,17226.46,17380.54,17075.23,17229.29,314762748
2020-12-10,17198.12,17323.8,16830.73,16954.64,362711746
2020-12-11,16936.75,16978.72,16699.99,16741.48,229933654
2020-12-14,16703.48,16825.44,16363.04,16483.4,248038796
2020-12-15,16518.3,16810.67,16486.7,16778.57,361096402
2020-12-16,16837.32,17012.81,16455.57,16628.88,428709048
2020-12-17,16616.38,16938.82,16539.55,16860.86,330245739
2020-12-18,16858.53,17128.27,16707.56,16976.24,251365365
2020-12-21,16963.35,17349.89,16917.71,17303.34,208490289
2020-12-22,17315.32,17504.48,17312.06,17501.18,209096343
2020-12-23,17506.19,17672.19,17322.64,17488.48,200701656
2020-12-24,17499.22,17645.24,17311.32,17456.99,169600471
2020-12-25,17474.26,17623.42,17331.22,17480.33,437247394
2020-12-28,17485.42,17582.57,17424.0,17521.02,419930186
2020-12-29,17513.16,17614.39,17325.01,17425.74,262377421
2020-12-30,17469.61,17659.65,17236.88,17426.46,214811022
2020-12-31,17441.11,17808.3,17375.85,17741.92,419241633
2021-01-01,17716.03,17812.36,17322.12,17416.82,306526417
2021-01-04,17465.2,17595.69,17342.88,17473.31,286904261
2021-01-05,17471.38,17536.11,17241.86,17305.98,406694480
2021-01-06,17336.52,17467.66,17217.45,17348.51,429868509
2021-01-07,17346.75,17626.25,17237.28,17515.72,440420404
2021-01-08,17574.8,17671.79,17414.98,17511.63,176064364
2021-01-11,17570.76,17839.38,17399.85,17667.53,268485337
2021-01-12,17669.38,17822.25,17215.38,17365.62,406576232
2021-01-13,17361.32,17645.83,17300.3,17584.03,201703801
2021-01-14,17574.61,17632.22,17417.12,17474.4,443800460
2021-01-15,17492.28,17707.41,17386.55,17601.03,383652489
2021-01-18,17621.02,17793.01,17471.59,17643.39,363259721
2021-01-19,17533.29,17654.88,17029.74,17148.65,356637184
2021-01-20,17086.86,17197.92,16902.31,17012.89,190093343
2021-01-21,16983.04,17168.66,16875.83,17060.96,300975312
2021-01-22,17107.56,17374.64,17092.56,17359.42,449257109
2021-01-25,17366.04,17521.65,17265.93,17421.22,260300473
2021-01-26,17355.29,17616.41,17217.42,17477.57,390362059
2021-01-27,17478.77,17556.97,17135.96,17212.97,333053789
2021-01-28,17188.12,17764.35,16919.34,17490.83,213009294
2021-01-29,17477.06,17856.2,17466.59,17845.51,239615160
2021-02-01,17812.29,17945.77,17725.0,17858.26,441141640
2021-02-02,17844.53,17947.37,17719.51,17822.23,196076482
2021-02-03,17784.91,17920.52,17378.43,17511.96,175873112
2021-02-04,17495.01,17723.04,17461.46,17689.12,188325956
2021-02-05,17660.26,18310.31,17574.68,18222.0,188948769
2021-02-08,18252.93,18509.97,18116.88,18373.03,309601832
2021-02-09,18360.61,18748.69,18249.36,18635.78,154487422
2021-02-10,18643.8,18981.59,18417.91,18754.36,448080001
2021-02-11,18731.19,18869.82,18421.29,18558.65,327703328
2021-02-12,18585.61,18898.12,18527.24,18838.95,361799114
2021-02-15,18846.08,18968.4,18469.99,18590.65,271158142
2021-02-16,18573.18,18716.24,18412.08,18555.0,277000169
2021-02-17,18593.17,18794.19,18418.57,18619.34,175721645
2021-02-18,18612.2,18931.18,18489.92,18807.62,252284921
2021-02-19,18896.04,18952.03,18845.23,18901.2,297919723
2021-02-22,18909.59,19153.83,18745.64,18989.19,175554924
2021-02-23,18994.89,19146.24,18687.63,18837.73,414291115
2021-02-24,18844.23,18999.9,18424.61,18578.08,299216762
2021-02-25,18625.74,18725.12,18498.84,18598.08,177632411
2021-02-26,18605.43,18713.98,18352.52,18460.23,241306792
2021-03-01,18445.33,18554.91,18093.91,18202.05,341662312
2021-03-02,18160.85,18310.38,17808.02,17955.86,356366637
2021-03-03,18017.0,18217.23,17667.68,17866.23,200593656
2021-03-04,17911.82,17967.49,17454.88,17509.3,255845023
2021-03-05,17562.52,17630.2,17190.27,17256.77,303228560
2021-03-08,17254.94,17454.04,16757.67,16953.29,396251971
2021-03-09,16916.94,17138.91,16772.74,16994.06,252811260
2021-03-10,17003.62,17171.79,16909.35,17077.12,351962866
2021-03-11,17047.2,17587.89,16923.31,17460.99,232748303
2021-03-12,17444.79,17604.17,17023.39,17180.34,318725459
2021-03-15,17222.41,17254.48,17027.02,17058.78,153672460
2021-03-16,17041.54,17323.78,16955.61,17236.85,318006386
2021-03-17,17196.12,17248.17,17150.61,17202.65,323524016
2021-03-18,17205.7,17298.19,17055.47,17147.65,395032353
2021-03-19,17091.0,17553.55,17016.05,17476.9,283034408
2021-03-22,17495.04,17536.7,17377.36,17418.83,195899248
2021-03-23,17386.66,17573.79,17019.1,17204.27,357403496
2021-03-24,17249.59,17269.2,16942.64,16961.92,376471194
2021-03-25,16916.09,17152.8,16795.45,17031.34,205420385
2021-03-26,16990.76,17184.95,16901.7,17095.34,410777756
2021-03-29,17079.91,17211.09,16714.86,16844.23,445085868
2021-03-30,16759.04,16769.22,16658.26,16668.39,275237021
2021-03-31,16627.51,16924.75,16477.17,16773.1,155928799
2021-04-01,16767.92,16901.09,16753.24,16886.31,366941163
2021-04-02,16902.96,17040.27,16637.34,16773.59,208776543
2021-04-05,16765.34,16979.72,16681.37,16895.1,179269273
2021-04-06,16909.89,17171.9,16747.08,17008.14,342464613
2021-04-07,17013.32,17142.61,16554.58,16681.35,361701156
2021-04-08,16679.74,16760.74,16549.99,16630.76,190198936
2021-04-09,16600.29,16826.48,16487.92,16713.35,182247184
2021-04-12,16703.32,16791.33,16527.13,16614.68,228166310
2021-04-13,16645.57,16769.81,16109.27,16230.41,234022614
2021-04-14,16258.65,16279.35,16165.77,16186.37,300514983
2021-04-15,16204.45,16395.83,16135.9,16326.76,154360824
2021-04-16,16300.37,16674.34,16244.24,16617.12,376905749
2021-04-19,16657.38,16798.7,16085.69,16223.32,365437255
2021-04-20,16200.06,16739.37,16158.14,16696.17,409345951
2021-04-21,16696.63,16773.79,16419.61,16495.84,398693253
2021-04-22,16550.59,16703.04,16523.85,16676.09,245031734
2021-04-23,16615.06,16997.64,16528.12,16909.16,327540417
2021-04-26,16909.52,17208.16,16801.33,17098.76,347318243
2021-04-27,17124.53,17343.12,16915.26,17133.74,349595131
2021-04-28,17122.01,17196.78,16847.81,16921.7,156941058
2021-04-29,16862.16,17159.81,16748.68,17045.1,417190913
2021-04-30,17074.19,17163.3,16829.52,16917.81,247118157
2021-05-03,16957.76,17061.05,16354.89,16455.12,351519013
2021-05-04,16504.97,17092.55,16389.45,16973.75,206781493
2021-05-05,16937.86,17182.73,16868.59,17112.75,420669425
2021-05-06,17060.25,17475.6,17046.8,17461.83,198821052
2021-05-07,17471.15,17621.55,17144.83,17293.71,213115190
2021-05-10,17361.3,17682.36,17260.01,17579.79,243492211
2021-05-11,17571.46,17942.1,17524.49,17894.27,298998204
2021-05-12,17929.6,18337.92,17801.09,18207.42,299806628
2021-05-13,18185.74,18357.33,18039.07,18210.45,373115025
2021-05-14,18230.9,18238.01,17969.85,17976.86,372157862
2021-05-17,18003.57,18118.94,17833.97,17948.99,157574746
2021-05-18,17934.94,18020.11,17438.06,17521.26,255023655
2021-05-19,17582.53,17769.04,17017.77,17200.23,402331544
2021-05-20,17263.05,17307.14,17180.52,17224.51,236924088
2021-05-21,17201.96,17351.9,16895.0,17043.56,362336829
2021-05-24,17002.37,17084.89,16937.09,17019.55,250081631
2021-05-25,16958.13,17202.52,16762.11,17005.95,386421935
2021-05-26,17042.09,17502.06,16916.4,17373.92,332092798
2021-05-27,17381.54,17712.58,17299.0,17628.86,198751990
2021-05-28,17614.84,17765.54,17476.61,17627.21,275508289
2021-05-31,17602.12,18041.68,17431.69,17868.67,383114476
2021-06-01,17851.07,17911.4,17662.67,17722.56,199340798
2021-06-02,17768.57,17867.51,17565.62,17663.97,320094641
2021-06-03,17683.57,17932.77,17599.49,17847.9,447333299
2021-06-04,17767.58,17903.35,17476.69,17611.27,194973719
2021-06-07,17563.83,17726.68,17401.42,17564.26,277393659
2021-06-08,17509.79,17516.89,17309.07,17316.09,189608547
2021-06-09,17326.75,17471.6,17200.68,17345.4,347440837
2021-06-10,17349.1,17705.49,17308.17,17663.82,407316253
2021-06-11,17695.21,17723.62,17496.61,17524.75,335249236
2021-06-14,17508.48,17639.2,17444.82,17575.3,269549561
2021-06-15,17562.03,17712.33,17259.86,17408.85,168774660
2021-06-16,17386.78,17520.54,17063.39,17195.68,231614098
2021-06-17,17219.56,17234.48,16954.09,16968.8,407156716
2021-06-18,16929.21,17330.77,16847.1,17247.12,260468397
2021-06-21,17226.7,17824.77,17107.44,17702.22,161897820
2021-06-22,17633.83,17948.67,17489.91,17803.36,355399157
2021-06-23,17829.87,17927.85,17573.1,17670.21,215714461
2021-06-24,17621.33,17921.47,17515.3,17814.29,190908040
2021-06-25,17795.14,17932.16,17619.18,17755.9,151148844
2021-06-28,17752.86,18066.19,17607.56,17919.53,198582593
2021-06-29,17904.0,18169.79,17719.09,17984.05,433273862
2021-06-30,17901.15,18099.84,17848.32,18046.58,344892357
2021-07-01,18064.29,18201.02,18037.79,18174.35,443063198
2021-07-02,18201.1,18243.87,18023.32,18065.77,418291589
2021-07-05,18069.13,18127.96,17934.06,17992.64,442132829
2021-07-06,17976.76,18094.04,17543.96,17659.17,351564142
2021-07-07,17655.47,17741.2,17495.03,17580.4,157319410
2021-07-08,17656.1,17762.49,17208.06,17312.37,433518028
2021-07-09,17278.79,17443.61,17127.03,17291.74,283717302
2021-07-12,17320.13,17487.59,16951.01,17116.51,234924289
2021-07-13,17177.69,17232.35,17087.87,17142.42,378293876
2021-07-14,17178.74,17397.07,17016.94,17234.74,256222367
2021-07-15,17234.75,17350.84,16858.09,16972.4,259196173
2021-07-16,16870.48,16942.65,16755.37,16827.36,261818253
2021-07-19,16887.53,16898.33,16648.83,16659.48,234804601
2021-07-20,16641.63,16918.27,16527.41,16802.94,257610762
2021-07-21,16822.28,17311.63,16639.01,17125.05,263428007
2021-07-22,17064.68,17398.29,16960.1,17292.31,230608561
2021-07-23,17322.04,17357.71,17197.28,17232.76,378341069
2021-07-26,17231.4,17721.52,17030.58,17517.37,387821524
2021-07-27,17563.49,17697.3,17101.33,17232.62,318508006
2021-07-28,17142.52,17622.02,17046.37,17523.73,234991819
2021-07-29,17537.27,17626.26,17315.92,17404.24,289500292
2021-07-30,17401.97,17667.35,16621.52,16878.93,287316251
2021-08-02,16871.69,17431.57,16819.54,17377.85,291711352
2021-08-03,17386.29,17775.82,17298.44,17686.45,220154226
2021-08-04,17675.49,17776.93,17392.38,17492.77,448878997
2021-08-05,17519.85,17649.97,17402.25,17532.29,353135356
2021-08-06,17490.16,17595.95,17392.18,17497.93,248827683
2021-08-09,17514.54,17605.17,17434.03,17524.61,258356701
2021-08-10,17564.88,17711.22,17102.0,17245.68,357299862
2021-08-11,17211.51,17331.29,17004.13,17123.3,351260088
2021-08-12,17191.24,17402.19,17007.63,17218.29,248293978
2021-08-13,17216.36,17417.46,17066.7,17267.36,248645992
2021-08-16,17244.09,17531.03,17215.54,17502.05,390134747
2021-08-17,17521.45,17642.51,17403.37,17524.41,180066931
2021-08-18,17542.43,18090.84,17438.47,17984.27,266303616
2021-08-19,17996.0,18076.28,17770.24,17849.87,156442453
2021-08-20,17866.77,18060.14,17714.92,17907.93,433367795
2021-08-23,17905.84,18057.01,17389.55,17537.61,306930070
2021-08-24,17475.49,17539.12,17239.87,17302.88,241953989
2021-08-25,17352.86,17760.85,17157.04,17562.66,251269717
2021-08-26,17571.46,17671.44,17288.61,17387.54,253985354
2021-08-27,17343.45,17620.06,17220.47,17496.0,371206186
2021-08-30,17523.24,17550.48,17463.91,17491.11,300759059
2021-08-31,17510.66,17641.5,17167.88,17297.13,150582535
2021-09-01,17312.38,17357.69,17192.67,17237.79,173066766
2021-09-02,17256.47,17282.46,17121.35,17147.18,369204638
2021-09-03,17198.23,17308.39,16952.82,17062.11,265277095
2021-09-06,17022.4,17383.09,16851.57,17210.37,314311020
2021-09-07,17250.09,17410.96,17180.25,17340.75,250746294
2021-09-08,17417.2,17469.23,17186.05,17237.55,340898688
2021-09-09,17248.35,17413.03,16909.45,17072.44,416361339
2021-09-10,16994.91,17286.56,16841.88,17132.3,320850741
2021-09-13,17130.08,17232.05,17018.38,17120.3,299954194
2021-09-14,17083.43,17441.95,16963.94,17320.8,264316564
2021-09-15,17282.35,17888.82,17228.87,17833.64,361813218
2021-09-16,17817.67,18047.86,17776.36,18006.13,287616280
2021-09-17,18062.76,18099.14,17970.19,18006.45,178342978
2021-09-20,17979.27,18070.39,17888.46,17979.57,292893442
2021-09-21,17979.7,18130.32,17668.08,17817.33,433425420
2021-09-22,17846.49,17937.36,17556.91,17646.76,425251554
2021-09-23,17633.21,17740.86,17352.45,17459.04,285695409
2021-09-24,17487.75,17629.27,17249.37,17390.1,254516416
2021-09-27,17372.14,17375.23,17312.27,17315.35,446015813
2021-09-28,17389.57,17618.56,17235.59,17463.93,195728031
2021-09-29,17473.13,17595.81,17272.14,17394.27,289461397
2021-09-30,17376.12,17428.2,17311.41,17363.45,175138039
2021-10-01,17351.9,17444.43,17046.32,17137.71,305867564
2021-10-04,17116.27,17483.01,17088.4,17454.59,251177313
2021-10-05,17443.68,17694.64,17308.84,17558.91,348473864
2021-10-06,17541.53,18020.1,17435.13,17911.45,321702360
2021-10-07,17837.27,18172.82,17741.36,18075.62,239086083
2021-10-08,18071.21,18421.71,18029.26,18379.04,324748315
2021-10-11,18315.47,18468.83,18182.95,18336.16,308444196
2021-10-12,18306.46,18626.16,18169.8,18488.14,368369060
2021-10-13,18472.6,19195.64,18327.23,19045.75,306066496
2021-10-14,19032.85,19061.02,18769.21,18797.04,347818390
2021-10-15,18793.79,19143.3,18699.53,19047.77,275100799
2021-10-18,19072.81,19501.38,18984.16,19411.15,175010295
2021-10-19,19395.89,19676.21,19229.48,19508.84,386628075
2021-10-20,19554.34,19843.78,19392.47,19680.85,266914761
2021-10-21,19721.7,20112.75,19576.5,19965.75,179837499
2021-10-22,19996.51,20169.18,19655.33,19826.53,261115836
2021-10-25,19842.54,20048.81,19719.73,19925.49,382723324
2021-10-26,19931.16,20194.54,19477.99,19738.83,183860624
2021-10-27,19739.37,19843.78,19492.98,19596.63,222835691
2021-10-28,19582.36,19697.89,19353.47,19468.33,326542502
2021-10-29,19477.84,19528.61,19394.11,19444.8,171281040
2021-11-01,19367.77,19618.78,19234.41,19484.61,382391057
2021-11-02,19422.02,19724.4,19290.42,19591.65,305868319
2021-11-03,19597.15,19782.52,19104.37,19286.8,162868141
2021-11-04,19351.22,19864.61,19213.77,19724.5,266719553
2021-11-05,19702.65,20038.67,19653.87,19989.18,308988440
2021-11-08,19957.53,20284.06,19835.39,20160.67,181452982
2021-11-09,20077.24,20212.51,19952.24,20087.45,185856638
2021-11-10,20086.97,20246.33,19916.05,20075.31,256409042
2021-11-11,20061.88,20334.7,19935.37,20207.27,382915486
2021-11-12,20177.52,20402.61,20084.54,20309.03,290680619
2021-11-15,20237.0,20365.93,19805.68,19932.67,317551031
2021-11-16,19994.41,20237.57,19864.68,20107.12,274585849
2021-11-17,20121.83,20839.57,20060.36,20776.1,169777217
2021-11-18,20835.57,20912.64,20276.44,20351.72,236900593
2021-11-19,20384.35,20718.29,20255.48,20588.13,304737992
2021-11-22,20548.64,20869.91,20362.03,20682.09,386774235
2021-11-23,20682.72,20817.91,20529.27,20664.33,222286884
2021-11-24,20683.02,21117.02,20560.25,20992.42,159094422
2021-11-25,20976.52,21131.72,20567.28,20720.58,212180835
2021-11-26,20703.81,20895.63,20575.52,20766.95,420803633
2021-11-29,20739.22,21150.67,20707.5,21118.36,350158230
2021-11-30,21089.93,21185.14,20984.69,21079.86,266843336
2021-12-01,21080.49,21281.87,20788.25,20988.76,271358337
2021-12-02,20917.84,21158.65,20784.26,21024.39,258056917
2021-12-03,20931.38,20991.3,20867.26,20927.17,428465454
2021-12-06,20905.94,21317.53,20890.07,21301.36,178609037
2021-12-07,21222.22,21359.36,20955.24,21091.54,424948543
2021-12-08,21094.82,21428.64,20975.45,21308.07,243744579
2021-12-09,21273.82,21538.95,20753.09,21015.01,405977588
2021-12-10,21008.23,21254.67,20936.51,21182.36,328342355
2021-12-13,21253.46,21420.15,20999.71,21165.71,273092603
2021-12-14,21150.01,21352.58,20359.11,20555.99,398806947
2021-12-15,20562.44,20725.88,20399.39,20562.83,421417359
2021-12-16,20572.48,20632.45,20263.73,20322.97,307011687
2021-12-17,20362.45,20494.42,20097.87,20228.99,171620517
2021-12-20,20188.15,20665.41,20113.22,20589.0,438799672
2021-12-21,20628.34,20729.25,20237.62,20337.11,382729841
2021-12-22,20339.0,20500.97,19941.33,20101.41,279085759
2021-12-23,20106.57,20465.92,20078.02,20436.9,257694335
2021-12-24,20462.95,20652.33,20282.57,20471.87,159261056
2021-12-27,20507.35,21063.01,20284.84,20836.92,409704721
2021-12-28,20852.11,21095.79,20678.38,20921.5,268461234
2021-12-29,20988.0,21095.62,20614.86,20721.12,158908965
2021-12-30,20793.07,21026.04,20481.79,20713.87,171841119
2021-12-31,20746.31,21252.2,20507.33,21010.19,322560373
2022-01-03,21045.99,21313.52,20975.32,21242.19,395535873
2022-01-04,21290.51,21439.1,21102.59,21250.9,170879233
2022-01-05,21268.48,21408.62,21131.0,21271.12,415096253
2022-01-06,21328.97,21492.28,21089.83,21252.56,238389225
2022-01-07,21222.99,21381.26,20964.53,21122.04,177981253
2022-01-10,21152.85,21674.45,21071.98,21591.89,319411430
2022-01-11,21573.14,21707.08,21468.49,21602.29,200453215
2022-01-12,21576.05,21728.08,21184.26,21334.59,191684549
2022-01-13,21378.02,21627.65,20980.15,21228.03,178872861
2022-01-14,21278.76,21605.03,21085.84,21410.91,358275653
2022-01-17,21459.87,21790.69,21245.14,21574.82,296812272
2022-01-18,21558.56,21732.77,21375.84,21549.99,303832251
2022-01-19,21563.87,21684.89,21275.62,21395.69,225374784
2022-01-20,21376.22,21506.04,21280.37,21410.04,217102027
2022-01-21,21398.56,21447.68,20965.12,21013.36,250228167
2022-01-24,21035.29,21160.12,20589.47,20712.39,311374311
2022-01-25,20716.78,21054.51,20571.43,20907.82,248843119
2022-01-26,20938.13,21026.59,20714.96,20802.85,283754228
2022-01-27,20798.43,20923.93,20774.0,20899.38,188937357
2022-01-28,20806.6,21199.49,20802.88,21195.7,160096586
2022-01-31,21260.85,21371.03,21249.78,21359.91,396748740
2022-02-01,21380.08,21603.11,21150.47,21373.43,362850546
2022-02-02,21353.86,22134.83,21121.33,21896.39,434019866
2022-02-03,21977.29,22265.52,21783.1,22070.5,364383944
2022-02-04,22175.23,22349.71,21817.82,21990.85,396026507
2022-02-07,21958.81,22349.69,21792.53,22181.72,423040974
2022-02-08,22162.17,22339.73,22115.62,22292.91,327742750
2022-02-09,22236.18,22524.11,21800.06,22086.04,432474978
2022-02-10,22062.36,22244.56,21931.19,22113.1,407638841
2022-02-11,22084.04,22226.16,21938.58,22080.68,261107020
2022-02-14,22070.51,22176.37,21494.91,21598.51,345211530
2022-02-15,21546.59,21603.68,21507.98,21565.03,342931481
2022-02-16,21533.42,21682.28,21355.95,21504.62,350583991
2022-02-17,21594.45,21793.09,21209.71,21406.62,332328224
2022-02-18,21485.26,21646.35,20859.39,21016.97,407807926
2022-02-21,21013.93,21057.45,20897.71,20941.08,165716196
2022-02-22,20941.84,20949.89,20932.0,20940.06,162548267
2022-02-23,20928.18,21201.93,20699.31,20972.57,367156357
2022-02-24,20987.11,21185.24,20516.13,20711.65,205287272
2022-02-25,20696.61,20908.35,20656.67,20868.08,231764480
2022-02-28,20848.92,20950.48,20489.27,20589.56,303981743
2022-03-01,20640.07,20887.55,20299.35,20545.7,277458858
2022-03-02,20516.16,20961.2,20413.8,20857.13,355242695
2022-03-03,20852.01,20956.73,20598.21,20702.18,336197622
2022-03-04,20651.64,20782.79,20460.15,20590.91,418810779
2022-03-07,20606.81,20999.81,20457.8,20849.05,301332974
2022-03-08,20799.78,20919.05,20647.79,20766.87,227381862
2022-03-09,20695.66,20888.02,20513.17,20705.44,233985808
2022-03-10,20664.3,20874.65,20555.69,20765.51,233747519
2022-03-11,20747.97,21111.2,20658.1,21020.15,411942245
2022-03-14,20976.78,20993.17,20488.91,20504.93,208525354
2022-03-15,20577.15,20718.16,20181.88,20321.14,178138887
2022-03-16,20333.11,20584.93,19849.03,20097.93,326550308
2022-03-17,20095.08,20250.75,19705.75,19859.6,330829357
2022-03-18,19861.62,20053.34,19485.87,19675.79,379207258
2022-03-21,19696.73,19835.31,19360.02,19497.19,205462501
2022-03-22,19488.44,19706.99,19353.34,19571.31,444881478
2022-03-23,19618.09,19620.75,19380.13,19382.77,427448136
2022-03-24,19378.99,19511.32,19285.16,19417.3,380789201
2022-03-25,19406.88,19516.23,19403.61,19512.94,430934227
2022-03-28,19542.74,19612.32,19291.25,19360.18,251896738
2022-03-29,19352.65,19485.39,19263.9,19396.44,364096885
2022-03-30,19332.91,19856.16,19240.9,19762.11,415246349
2022-03-31,19690.6,19906.65,19626.21,19841.76,193918207
2022-04-01,19830.56,19951.22,19587.27,19707.18,379912542
2022-04-04,19710.66,19822.73,19588.63,19700.64,292742824
2022-04-05,19786.17,19932.69,19360.83,19505.27,346229008
2022-04-06,19458.9,19655.96,19375.95,19572.53,399983477
2022-04-07,19548.09,19880.41,19439.26,19770.35,374258420
2022-04-08,19747.8,19817.58,19526.79,19596.03,253384412
2022-04-11,19661.96,19784.48,19435.87,19557.75,423227867
2022-04-12,19545.86,19916.09,19441.43,19810.24,350009919
2022-04-13,19802.97,20006.52,19504.79,19707.36,215061051
2022-04-14,19727.54,19944.0,19540.71,19756.89,253267616
2022-04-15,19635.01,19774.04,19399.1,19537.44,368785774
2022-04-18,19580.16,19815.58,19132.58,19365.42,353785284
2022-04-19,19367.9,19386.36,19243.29,19261.66,203808248
2022-04-20,19285.69,19815.46,19202.62,19730.48,272613625
2022-04-21,19661.15,19744.69,19566.1,19649.59,288276258
2022-04-22,19692.48,19883.72,19353.11,19542.9,241553571
2022-04-25,19572.49,19630.48,19372.08,19429.65,251952210
2022-04-26,19528.85,19579.63,19351.58,19402.03,157815480
2022-04-27,19400.42,19584.48,19365.99,19549.78,340145913
2022-04-28,19602.72,19748.74,19452.36,19598.35,398254361
2022-04-29,19634.63,20177.81,19509.28,20049.81,341692268
2022-05-02,20048.6,20238.44,19915.52,20104.99,174101343
2022-05-03,20030.6,20619.04,19848.35,20433.13,420704032
2022-05-04,20472.05,20604.8,20370.9,20503.5,359212422
2022-05-05,20504.61,20793.21,20360.69,20648.28,401921889
2022-05-06,20714.78,20868.44,20177.87,20328.65,277905500
2022-05-09,20332.05,20425.5,20215.02,20308.37,169543548
2022-05-10,20249.0,20389.14,20161.17,20301.09,207702458
2022-05-11,20305.71,20414.78,20146.16,20254.96,201954201
2022-05-12,20259.76,20429.27,19617.87,19783.39,165048431
2022-05-13,19802.35,20121.99,19664.56,19982.94,163424248
2022-05-16,20010.95,20144.89,19772.6,19905.83,236394176
2022-05-17,19906.4,20056.6,19668.35,19817.87,363122634
2022-05-18,19751.2,19965.82,19555.74,19770.18,289511400
2022-05-19,19721.03,19899.14,19550.43,19728.48,253874742
2022-05-20,19730.84,20012.38,19544.07,19824.72,165532442
2022-05-23,19828.0,19893.66,19490.72,19555.47,442511106
2022-05-24,19599.34,19730.66,19233.29,19363.02,441785465
2022-05-25,19369.51,19556.87,19245.71,19432.67,214294574
2022-05-26,19473.51,19641.04,19304.05,19471.56,201922028
2022-05-27,19482.48,19511.69,19369.59,19398.67,436944890
2022-05-30,19384.97,19510.41,19159.18,19283.97,428403349
2022-05-31,19355.19,19496.66,18974.97,19114.68,376959033
2022-06-01,19113.16,19299.43,18923.82,19110.06,374303452
2022-06-02,19107.82,19483.56,18991.73,19365.9,378661594
2022-06-03,19374.05,19406.35,19116.34,19148.26,365646715
2022-06-06,19186.99,19621.67,19044.25,19476.78,332282725
2022-06-07,19467.88,19719.19,19414.61,19665.39,401699281
2022-06-08,19675.93,19879.85,19372.39,19575.27,415412295
2022-06-09,19552.31,19810.58,19494.04,19751.71,310194960
2022-06-10,19770.49,19797.7,19414.36,19441.12,220298486
2022-06-13,19356.91,19450.47,18986.38,19078.6,322242446
2022-06-14,19054.4,19156.1,18715.12,18815.55,410679630
2022-06-15,18796.92,18931.63,18603.98,18738.27,196055344
2022-06-16,18732.11,18814.04,18596.99,18678.69,414260283
2022-06-17,18663.72,18814.26,18430.45,18580.32,274363078
2022-06-20,18618.07,18783.5,18442.73,18608.07,331930835
2022-06-21,18636.16,18705.5,18110.84,18178.47,159585001
2022-06-22,18144.15,18380.44,18049.24,18284.79,348402484
2022-06-23,18294.46,18318.67,17982.81,18006.64,380482998
2022-06-24,18059.98,18187.97,17756.21,17882.95,218641398
2022-06-27,17862.84,17981.96,17690.13,17808.89,208292073
2022-06-28,17798.66,17868.07,17520.92,17589.51,297395788
2022-06-29,17609.41,17694.26,17247.77,17331.28,177235228
2022-06-30,17284.43,17358.33,17073.1,17146.41,326065251
2022-07-01,17144.55,17201.48,17094.1,17151.02,413805054
2022-07-04,17196.36,17319.52,17146.24,17269.18,244840814
2022-07-05,17331.99,17537.42,17178.3,17383.27,363300119
2022-07-06,17352.69,17466.81,17086.95,17200.07,162678116
2022-07-07,17242.87,17339.68,16961.41,17057.18,236262150
2022-07-08,17018.63,17129.68,16781.05,16891.27,434881203
2022-07-11,16960.65,17010.83,16931.45,16981.6,323792845
2022-07-12,17002.62,17108.44,16504.45,16607.81,391784799
2022-07-13,16606.06,16925.34,16522.58,16840.68,263307173
2022-07-14,16832.14,16988.89,16601.56,16757.61,259547736
2022-07-15,16779.84,16833.69,16566.55,16619.88,357514234
2022-07-18,16673.94,16727.17,16635.39,16688.59,309628405
2022-07-19,16712.98,16998.91,16600.06,16884.83,342425131
2022-07-20,16927.62,17078.57,16804.46,16955.21,327328761
2022-07-21,16993.38,17263.62,16889.1,17158.34,336815338
2022-07-22,17194.12,17318.69,17066.02,17190.56,437387960
2022-07-25,17266.87,17501.86,17195.64,17429.95,401882673
2022-07-26,17474.06,17810.13,17341.12,17675.66,317533400
2022-07-27,17684.43,17764.3,17583.61,17663.39,264821972
2022-07-28,17681.74,17982.32,17649.98,17950.09,367059029
2022-07-29,17903.56,18140.08,17753.99,17989.79,329769558
2022-08-01,17936.47,18203.88,17747.6,18014.18,390944720
2022-08-02,18006.94,18132.45,17714.46,17838.8,375731145
2022-08-03,17844.12,17977.65,17656.14,17789.26,180149577
2022-08-04,17781.98,18040.46,17690.92,17948.54,372433742
2022-08-05,17946.7,18114.91,17530.69,17696.56,324553045
2022-08-08,17739.33,18009.24,17561.09,17830.09,176055165
2022-08-09,17845.81,18006.31,17745.43,17905.6,428985759
2022-08-10,17848.15,18113.97,17702.58,17967.43,208199614
2022-08-11,18000.36,18090.69,17450.51,17538.52,397196879
2022-08-12,17569.5,17746.86,17348.7,17525.62,266996953
2022-08-15,17531.6,17823.57,17366.82,17657.6,426582951
2022-08-16,17671.16,17689.27,17498.53,17516.47,392625256
2022-08-17,17502.6,17628.57,17415.09,17540.88,198689243
2022-08-18,17562.14,17626.06,17026.85,17089.05,324315316
2022-08-19,17076.67,17279.67,17019.58,17222.09,383296780
2022-08-22,17223.4,17334.31,16993.35,17103.49,412326264
2022-08-23,17139.45,17423.2,16991.68,17274.27,233703981
2022-08-24,17282.6,17402.79,16813.27,16931.01,294071483
2022-08-25,16937.3,17178.82,16826.05,17066.72,412748822
2022-08-26,17122.14,17143.16,17008.16,17029.06,419231025
2022-08-29,17025.7,17310.37,16903.64,17187.15,385286199
2022-08-30,17228.64,17279.43,16968.84,17019.01,280118904
2022-08-31,17033.44,17183.63,16760.95,16910.04,262506052
2022-09-01,16897.58,17342.68,16889.05,17333.92,365708740
2022-09-02,17324.12,17369.67,17137.44,17182.61,323797758
2022-09-05,17207.63,17270.93,16993.29,17056.04,222671302
2022-09-06,17119.41,17233.35,16897.74,17010.97,290834857
2022-09-07,16986.19,17066.32,16747.05,16826.43,313258060
2022-09-08,16792.27,17179.7,16668.01,17053.5,432409938
2022-09-09,17106.99,17481.0,17011.45,17383.92,161722654
2022-09-12,17418.75,17478.05,17197.48,17256.23,407239820
2022-09-13,17269.52,17496.5,16712.91,16935.5,173264729
2022-09-14,16890.5,17330.98,16722.81,17160.6,383716617
2022-09-15,17203.53,17386.97,17193.36,17376.69,310633369
2022-09-16,17329.52,17598.63,17272.29,17540.7,209494880
2022-09-19,17577.39,17858.73,17490.48,17770.86,155760441
2022-09-20,17767.64,17916.06,17461.3,17608.39,447125316
2022-09-21,17615.24,17736.92,17461.34,17582.79,190812052
2022-09-22,17574.19,17742.94,17155.8,17322.12,399314077
2022-09-23,17297.82,17492.49,16866.85,17058.83,228437727
2022-09-26,17049.9,17315.91,16984.52,17249.76,288440573
2022-09-27,17274.68,17405.63,16999.32,17129.16,213944636
2022-09-28,17063.91,17686.56,16946.34,17565.53,170693463
2022-09-29,17520.75,17652.6,17455.28,17586.89,408731796
2022-09-30,17617.19,17681.25,17406.51,17470.03,252157043
2022-10-03,17485.04,17719.96,17396.17,17630.35,376759957
2022-10-04,17701.1,18093.41,17596.11,17986.73,236108845
2022-10-05,17947.08,18142.62,17894.98,18090.11,236006348
2022-10-06,18059.93,18179.06,17737.37,17855.14,200320168
2022-10-07,17857.56,18098.69,17694.73,17935.15,282912117
2022-10-10,17943.64,18333.8,17825.34,18213.71,233819347
2022-10-11,18228.01,18334.02,18016.78,18122.18,160366810
2022-10-12,18135.22,18290.3,17821.5,17975.2,304087406
2022-10-13,18005.77,18266.36,17923.59,18183.37,159786780
2022-10-14,18121.48,18287.37,18053.12,18218.64,293400797
2022-10-17,18231.29,18254.47,17982.09,18004.97,220505031
2022-10-18,17990.17,18125.8,17801.74,17936.97,431283527
2022-10-19,17919.01,17969.81,17744.6,17795.04,364897196
2022-10-20,17859.69,18044.85,17675.0,17860.16,232038444
2022-10-21,17853.13,18070.45,17671.89,17888.85,431008577
2022-10-24,17937.48,18172.98,17887.41,18122.39,238776147
2022-10-25,18221.71,18332.64,18160.34,18271.1,376579472
2022-10-26,18263.65,18316.42,17912.26,17964.17,297279319
2022-10-27,17969.05,18092.01,17929.01,18051.78,173039414
2022-10-28,18053.59,18408.85,17883.57,18237.1,419910214
2022-10-31,18246.94,18434.39,18148.88,18335.85,397475252
2022-11-01,18394.56,18615.41,18330.63,18550.94,319100950
2022-11-02,18588.88,18686.57,18349.28,18446.22,395911284
2022-11-03,18456.15,18571.56,18146.48,18260.66,208702439
2022-11-04,18267.25,18565.44,18157.72,18454.79,403238510
2022-11-07,18427.82,18509.77,18164.74,18245.88,308727370
2022-11-08,18263.82,18370.2,17715.95,17819.75,368181571
2022-11-09,17780.04,18100.48,17708.41,18027.85,438995536
2022-11-10,18004.58,18112.16,17784.55,17891.45,228296250
2022-11-11,17899.47,18014.18,17724.06,17838.37,365560095
2022-11-14,17816.63,17926.8,17462.54,17571.19,298497723
2022-11-15,17524.6,17568.84,17278.29,17322.02,399030364
2022-11-16,17321.55,17341.65,17088.71,17108.57,282001989
2022-11-17,17077.53,17120.21,17004.94,17047.54,426265084
2022-11-18,17070.26,17166.22,17027.91,17123.74,160440471
2022-11-21,17134.4,17213.83,16620.37,16697.77,296040182
2022-11-22,16657.59,16865.71,16634.75,16842.61,312157927
2022-11-23,16859.18,16981.35,16509.85,16630.36,245729074
2022-11-24,16657.04,16849.84,16251.63,16441.95,229447385
2022-11-25,16451.74,16685.77,16337.92,16571.12,412131745
2022-11-28,16567.82,16673.62,16458.37,16564.15,435734492
2022-11-29,16553.27,16609.23,16235.75,16290.82,334267684
2022-11-30,16356.43,16635.74,16348.72,16627.89,349940483
2022-12-01,16636.94,16759.71,16355.53,16477.13,438542353
2022-12-02,16482.62,16580.8,16430.51,16528.54,392935961
2022-12-05,16522.69,16648.66,16445.75,16571.5,201210857
2022-12-06,16536.29,16934.62,16438.83,16835.39,159715458
2022-12-07,16822.0,16895.51,16684.51,16757.74,354208980
2022-12-08,16780.89,16998.44,16733.2,16950.27,363603944
2022-12-09,16965.37,17036.31,16748.4,16818.72,150959924
2022-12-12,16833.2,17138.92,16728.57,17033.05,390905433
2022-12-13,17041.31,17093.54,16845.12,16896.91,166076550
2022-12-14,16870.73,16928.62,16778.58,16836.35,288471204
2022-12-15,16842.14,17335.75,16703.5,17194.21,251044825
2022-12-16,17231.18,17338.52,17153.83,17261.04,225722301
2022-12-19,17263.82,17308.48,17244.15,17288.79,337285451
2022-12-20,17212.03,17782.11,17153.73,17722.09,296053920
2022-12-21,17698.28,17823.22,17674.81,17799.62,424167200
2022-12-22,17736.13,17870.39,17513.36,17646.94,315012195
2022-12-23,17618.29,17813.25,17601.81,17796.61,392011835
2022-12-26,17878.64,17994.44,17458.58,17572.39,280154464
2022-12-27,17560.77,17939.62,17420.56,17797.52,237953795
2022-12-28,17769.99,18233.81,17579.82,18040.74,245459163
2022-12-29,17984.72,18021.31,17897.76,17934.25,298967224
2022-12-30,17928.65,17994.09,17752.52,17817.56,350609069
2023-01-02,17866.92,17887.27,17838.94,17859.28,296422311
2023-01-03,17832.42,17987.85,17714.01,17869.2,417500638
2023-01-04,17888.35,18047.92,17526.43,17684.17,418395067
2023-01-05,17695.33,18024.42,17474.0,17801.76,230525416
2023-01-06,17783.91,17898.38,17296.98,17409.04,261261087
2023-01-09,17437.71,17524.23,17247.11,17333.11,414738505
2023-01-10,17321.88,17400.06,17185.1,17263.03,287703938
2023-01-11,17239.71,17283.18,17174.63,17218.04,166475800
2023-01-12,17197.79,17304.9,17176.11,17283.11,265087708
2023-01-13,17294.93,17314.42,17037.34,17056.56,356386815
2023-01-16,17125.44,17362.11,16937.67,17173.8,201870103
2023-01-17,17210.26,17300.56,17056.68,17146.64,253317995
2023-01-18,17125.16,17288.43,16868.49,17030.86,315912410
2023-01-19,17035.55,17164.06,16655.02,16781.61,307435179
2023-01-20,16756.07,16907.79,16419.89,16569.92,291192991
2023-01-23,16542.04,16745.14,16439.75,16642.23,256397855
2023-01-24,16583.32,16648.05,16408.15,16472.44,199732948
2023-01-25,16487.34,16565.07,16412.95,16490.66,174143415
2023-01-26,16474.41,16826.98,16339.1,16689.9,285099841
2023-01-27,16685.85,17047.66,16526.25,16886.16,199833889
2023-01-30,16803.19,17312.47,16676.33,17182.75,442233844
2023-01-31,17198.39,17219.63,17112.46,17133.62,446078802
2023-02-01,17087.58,17232.34,16792.48,16935.96,160911501
2023-02-02,16898.22,17200.43,16831.57,17132.85,274808931
2023-02-03,17151.5,17281.51,17068.27,17198.05,240326746
2023-02-06,17212.6,17474.17,17156.66,17417.56,435072070
2023-02-07,17426.04,17584.82,17267.88,17426.64,157233126
2023-02-08,17436.1,17675.42,17423.65,17662.81,305905958
2023-02-09,17683.86,17941.6,17577.49,17834.32,419703362
2023-02-10,17800.26,18161.87,17622.21,17982.0,419672113
2023-02-13,17917.65,18295.72,17712.68,18088.79,270898755
2023-02-14,18064.07,18366.77,17873.63,18175.16,283459185
2023-02-15,18171.61,18263.02,18137.71,18229.02,280978335
2023-02-16,18230.51,18406.47,18106.0,18281.61,447393391
2023-02-17,18299.37,18654.58,18134.53,18488.05,322957706
2023-02-20,18453.02,18587.89,18256.91,18391.32,293255235
2023-02-21,18416.32,18844.05,18323.76,18749.82,182841678
2023-02-22,18712.82,18791.25,18657.04,18735.4,227592863
2023-02-23,18761.33,19101.78,18607.05,18945.98,167947214
2023-02-24,18912.63,18969.53,18877.89,18934.75,202752617
2023-02-27,18979.39,19002.08,18868.36,18890.95,340092133
2023-02-28,18894.87,19387.05,18830.08,19320.8,171566889
2023-03-01,19251.14,19382.31,19131.69,19262.79,396027015
2023-03-02,19253.36,19448.44,18807.34,18999.86,182993508
2023-03-03,19083.69,19184.29,18758.81,18858.22,366671080
2023-03-06,18894.62,19063.8,18631.63,18799.96,354629673
2023-03-07,18778.28,19315.63,18717.35,19253.17,211108813
2023-03-08,19312.74,19404.32,19213.12,19304.66,258828945
2023-03-09,19301.51,19607.7,19205.72,19510.87,281577370
2023-03-10,19503.51,19582.08,19225.94,19303.71,412117746
2023-03-13,19330.31,19572.06,19145.09,19386.3,174257582
2023-03-14,19369.73,19570.68,19336.58,19537.25,209361478
2023-03-15,19537.03,19959.98,19509.85,19932.25,258038301
2023-03-16,19904.65,20093.86,19599.46,19787.56,430184027
2023-03-17,19876.76,20065.42,19738.53,19926.84,349045857
2023-03-20,19882.35,20164.35,19720.1,20001.13,207066379
2023-03-21,19909.46,19984.28,19709.99,19784.34,356681841
2023-03-22,19842.11,20001.96,19628.6,19788.02,231005829
2023-03-23,19731.44,19755.68,19714.35,19738.59,276340197
2023-03-24,19769.97,19882.46,19132.11,19241.59,251955164
2023-03-27,19216.7,19512.85,19080.98,19376.0,333346591
2023-03-28,19351.68,19500.75,19349.85,19498.89,228828316
2023-03-29,19528.08,19604.19,19336.89,19412.55,436233790
2023-03-30,19371.62,19407.47,19099.06,19134.48,274501145
2023-03-31,19141.85,19520.33,19076.21,19453.62,213865357
2023-04-03,19475.6,19616.57,19377.57,19518.32,390839948
2023-04-04,19558.11,19836.79,19466.61,19744.41,439762657
2023-04-05,19716.51,20059.56,19715.59,20058.62,171374684
2023-04-06,20012.52,20172.26,19792.45,19951.71,353796583
2023-04-07,20070.79,20180.14,20028.71,20137.93,223215793
2023-04-10,20094.1,20231.57,19955.1,20092.57,425724890
2023-04-11,20109.41,20186.07,20010.2,20086.78,165940817
2023-04-12,20087.69,20108.48,20055.12,20075.9,208097693
2023-04-13,20061.77,20254.8,19890.79,20083.63,382577429
2023-04-14,20146.72,20446.25,20039.26,20337.76,286582303
2023-04-17,20325.03,20519.99,20178.99,20373.6,185914472
2023-04-18,20416.24,20565.06,20198.98,20347.3,336473987
2023-04-19,20314.67,20454.83,20153.52,20293.54,302880346
2023-04-20,20330.4,20453.42,20255.01,20377.85,361568375
2023-04-21,20321.45,20470.95,20036.92,20185.41,410491629
2023-04-24,20197.93,20374.1,19906.72,20081.88,175067711
2023-04-25,20083.25,20161.88,19999.75,20078.36,244779093
2023-04-26,20058.74,20114.29,19906.14,19961.42,237328586
2023-04-27,19921.69,20026.47,19838.7,19943.39,184697748
2023-04-28,19922.1,20104.74,19635.69,19817.37,388667577
2023-05-01,19766.93,20377.66,19654.24,20262.15,229935056
2023-05-02,20236.3,20778.03,20028.15,20566.48,402796600
2023-05-03,20575.1,20774.37,20477.71,20676.5,431903118
2023-05-04,20707.92,20833.17,20547.53,20672.57,261052304
2023-05-05,20650.94,21399.94,20435.52,21179.02,178516153
2023-05-08,21206.87,21496.9,20973.32,21262.73,356549923
2023-05-09,21309.59,21483.64,21077.34,21250.92,409192547
2023-05-10,21254.47,21386.19,21198.75,21330.28,186169614
2023-05-11,21358.35,21540.67,21228.59,21410.59,336994611
2023-05-12,21437.36,21878.27,21312.23,21751.31,199041493
2023-05-15,21719.48,21817.74,21657.32,21755.47,322091262
2023-05-16,21783.76,22482.96,21572.06,22266.57,381640039
2023-05-17,22251.83,22412.53,21900.13,22059.44,296968545
2023-05-18,22118.17,22311.82,22043.42,22236.68,341860666
2023-05-19,22219.69,22275.95,21944.82,22000.52,151702089
2023-05-22,22050.18,22598.42,21903.48,22449.07,246222749
2023-05-23,22426.55,22447.55,22355.46,22376.42,321908885
2023-05-24,22366.53,22568.99,22168.63,22371.05,360625999
2023-05-25,22356.04,22711.68,22252.95,22607.43,426895727
2023-05-26,22634.36,22979.17,22584.5,22928.66,194388328
2023-05-29,22929.17,23104.84,22483.81,22657.4,257628221
2023-05-30,22620.49,22697.61,22503.2,22580.18,414371042
2023-05-31,22589.51,22715.68,22118.51,22242.74,173451478
2023-06-01,22230.57,22430.09,22086.07,22285.23,322716973
2023-06-02,22293.35,22363.05,22199.67,22269.3,242535311
2023-06-05,22238.1,22398.71,22032.45,22192.73,433852578
2023-06-06,22240.46,22461.08,21815.94,22034.52,390000738
2023-06-07,21995.82,22197.01,21749.02,21949.79,328799048
2023-06-08,21981.22,22108.72,21652.04,21778.36,258726750
2023-06-09,21797.88,22097.04,21615.61,21913.79,321557913
2023-06-12,21989.97,22349.35,21929.42,22287.98,363790495
2023-06-13,22313.0,22435.28,21703.94,21823.54,407386722
2023-06-14,21813.08,22016.18,21601.42,21804.43,158834610
2023-06-15,21838.35,21901.22,21650.34,21712.86,324861496
2023-06-16,21699.21,21982.78,21556.49,21839.14,233646462
2023-06-19,21776.52,21960.98,21436.1,21619.23,176019571
2023-06-20,21614.61,21752.64,21455.16,21593.05,390653424
2023-06-21,21606.02,21849.64,21113.98,21354.76,333548328
2023-06-22,21354.95,21631.22,21251.52,21526.96,212975413
2023-06-23,21599.78,21695.15,21463.89,21559.08,238073852
2023-06-26,21535.32,21573.78,21490.96,21529.41,268004414
2023-06-27,21574.17,21770.93,21429.28,21625.69,341368516
2023-06-28,21644.55,21783.11,21437.58,21575.71,309569696
2023-06-29,21568.63,21645.8,21139.65,21215.57,449423418
2023-06-30,21181.51,21516.75,21029.15,21363.08,420730678
2023-07-03,21367.05,21669.96,21137.24,21439.36,333007250
2023-07-04,21405.86,21507.24,21310.25,21411.6,378518425
2023-07-05,21367.12,21868.77,21153.34,21652.15,400130950
2023-07-06,21598.09,22131.12,21420.88,21951.02,173645525
2023-07-07,22012.24,22133.29,21576.74,21696.06,256287769
2023-07-10,21725.95,21734.57,21509.79,21518.33,379905713
2023-07-11,21500.67,21914.99,21479.25,21893.18,153512431
2023-07-12,21899.42,22375.86,21769.23,22243.63,352476011
2023-07-13,22208.59,22402.27,21879.36,22071.86,164042938
2023-07-14,22086.18,22182.64,21698.84,21794.02,312258158
2023-07-17,21770.76,21804.71,21616.13,21649.89,155493454
2023-07-18,21640.8,21904.96,21277.0,21539.93,413363413
2023-07-19,21508.53,21662.73,21021.41,21173.21,215363654
2023-07-20,21149.15,21364.93,20973.49,21188.94,422859762
2023-07-21,21206.28,21317.22,20789.71,20899.04,231210267
2023-07-24,20824.29,20915.91,20538.38,20629.14,311175329
2023-07-25,20677.03,20953.68,20569.5,20845.28,246447272
2023-07-26,20870.14,20964.05,20603.83,20696.96,307349223
2023-07-27,20619.56,20837.7,20471.32,20688.97,293097372
2023-07-28,20701.02,20928.15,20613.87,20840.41,374670377
2023-07-31,20824.11,21177.91,20682.81,21035.17,282060027
2023-08-01,21009.5,21155.56,20819.85,20965.61,380630423
2023-08-02,20956.15,21006.48,20933.87,20984.17,286133695
2023-08-03,20977.17,21064.39,20715.55,20802.04,375591371
2023-08-04,20766.62,21361.25,20618.73,21210.2,200482492
2023-08-07,21188.71,21531.23,21029.16,21370.32,406484163
2023-08-08,21415.51,21551.6,20985.32,21119.53,259649881
2023-08-09,21053.92,21208.4,20974.72,21128.92,366347279
2023-08-10,21166.08,21413.25,21056.76,21303.21,288467558
2023-08-11,21268.27,21545.46,21147.77,21424.08,287712075
2023-08-14,21444.44,22010.25,21300.71,21863.72,162610508
2023-08-15,21890.67,22279.98,21814.29,22202.51,273963024
2023-08-16,22189.5,22304.63,21965.11,22079.67,311571551
2023-08-17,22077.79,22083.91,22060.73,22066.85,174446554
2023-08-18,22055.61,22098.83,21721.95,21764.6,205002078
2023-08-21,21823.51,22063.43,21593.2,21833.02,154003655
2023-08-22,21904.69,22087.4,21695.54,21878.03,392016345
2023-08-23,21856.15,22735.41,21664.12,22537.39,407118374
2023-08-24,22527.58,22745.65,22352.86,22570.6,378572057
2023-08-25,22529.47,22624.13,21967.24,22059.92,194604279
2023-08-28,22079.37,22326.68,21660.3,21905.66,387675460
2023-08-29,21903.77,22218.59,21627.15,21941.49,409291509
2023-08-30,22060.25,22107.55,21600.7,21647.12,169030446
2023-08-31,21645.19,21712.81,21382.27,21449.28,269833272
2023-09-01,21442.64,21536.22,21278.32,21371.59,396706973
2023-09-04,21368.03,21649.56,21179.78,21460.5,167976209
2023-09-05,21499.62,21644.13,21286.01,21430.05,364365239
2023-09-06,21429.47,21564.53,21095.2,21229.0,398700678
2023-09-07,21233.65,21585.39,21071.13,21421.43,177682206
2023-09-08,21420.98,21580.45,21144.26,21302.84,364332426
2023-09-11,21247.03,21423.51,21018.32,21194.36,357170157
2023-09-12,21266.94,21405.16,20745.48,20881.19,449297923
2023-09-13,20822.2,21029.64,20502.68,20709.0,171513081
2023-09-14,20694.91,20926.48,20634.68,20865.76,312549959
2023-09-15,20856.15,21017.86,20343.84,20502.81,282264823
2023-09-18,20517.81,20715.57,20297.41,20494.96,429024989
2023-09-19,20519.56,20795.75,20389.7,20664.97,301892185
2023-09-20,20583.64,20642.15,20529.01,20587.51,169485240
2023-09-21,20594.27,20814.62,20430.14,20650.05,228460341
2023-09-22,20607.54,20692.95,20320.06,20404.63,379471065
2023-09-25,20423.07,20712.95,20417.08,20706.88,270323378
2023-09-26,20626.6,21076.63,20517.72,20965.96,396739081
2023-09-27,20975.88,21124.12,20880.66,21028.66,347978077
2023-09-28,20932.67,21058.9,20506.68,20631.09,266480917
2023-09-29,20576.33,20738.95,20240.73,20401.97,416945405
2023-10-02,20397.38,20768.52,20259.76,20629.33,356923568
2023-10-03,20655.0,21118.83,20564.13,21026.32,394837029
2023-10-04,21060.23,21307.08,20856.9,21103.34,160997926
2023-10-05,21119.39,21613.45,20910.06,21401.33,429181010
2023-10-06,21374.26,21559.86,21082.15,21266.81,296780064
2023-10-09,21277.63,21342.19,21166.6,21231.02,311114417
2023-10-10,21227.21,21333.02,21134.02,21239.78,362161350
2023-10-11,21216.05,21479.95,21084.04,21347.12,288256752
2023-10-12,21391.5,21498.93,20891.23,20996.67,220815792
2023-10-13,21001.37,21256.4,20967.65,21222.33,307617382
2023-10-16,21226.33,21741.86,21026.96,21539.56,443089195
2023-10-17,21573.61,21732.73,21119.08,21276.0,429961351
2023-10-18,21253.33,21318.59,20902.93,20967.31,218201775
2023-10-19,20962.94,21098.48,20921.2,21056.55,259869121
2023-10-20,21004.62,21188.74,20730.11,20913.42,285893359
2023-10-23,20874.96,21110.86,20146.11,20376.38,168100536
2023-10-24,20318.26,20714.74,20171.08,20565.77,196843190
2023-10-25,20517.58,20742.83,20384.54,20609.2,267586140
2023-10-26,20566.27,20691.46,20384.54,20509.38,321323859
2023-10-27,20502.57,21091.47,20407.76,20994.39,344923010
2023-10-30,21015.19,21254.66,20795.6,21034.86,300201604
2023-10-31,21009.75,21190.3,20689.61,20868.94,399856371
2023-11-01,20871.96,21023.33,20749.31,20900.51,286036585
2023-11-02,20990.82,21000.98,20659.75,20669.76,432888881
2023-11-03,20641.41,20653.5,20492.83,20504.84,151021842
2023-11-06,20491.63,20709.05,20383.34,20600.18,356256509
2023-11-07,20755.23,20900.4,20339.57,20482.84,446274670
2023-11-08,20555.22,20757.15,20189.12,20389.42,393992425
2023-11-09,20371.16,20925.38,20220.63,20771.9,291890195
2023-11-10,20840.1,21112.56,20705.06,20976.63,393720995
2023-11-13,20984.82,21328.18,20828.29,21170.26,388648675
2023-11-14,21106.67,21377.52,21031.73,21301.88,392643589
2023-11-15,21315.59,21586.38,21153.88,21423.86,441543531
2023-11-16,21384.35,21884.64,21277.36,21775.69,329825390
2023-11-17,21769.86,21899.8,21649.84,21779.72,234966567
2023-11-20,21809.11,22372.56,21672.17,22232.97,433465675
2023-11-21,22239.72,22278.76,21970.55,22009.19,214132382
2023-11-22,21962.66,22114.57,21804.38,21956.24,417446168
2023-11-23,21886.27,22034.23,21485.82,21632.07,204833176
2023-11-24,21603.12,21679.65,21482.55,21558.92,152321456
2023-11-27,21585.99,21776.02,21500.87,21690.49,377800580
2023-11-28,21652.93,22132.4,21567.51,22045.43,186402420
2023-11-29,22047.26,22358.74,21584.08,21893.39,172613318
2023-11-30,21800.63,22032.47,21672.19,21903.43,447682329
2023-12-01,21892.18,22084.41,21633.99,21825.64,431871282
2023-12-04,21808.81,21839.59,21626.49,21657.05,349910938
2023-12-05,21713.22,21771.75,21324.73,21382.37,364812149
2023-12-06,21378.97,21445.1,21339.1,21405.19,192024397
2023-12-07,21357.76,21452.98,20912.27,21005.92,329791217
2023-12-08,21040.79,21218.5,20862.17,21039.87,299990087
2023-12-11,21013.95,21209.52,20857.85,21053.13,176772132
2023-12-12,21036.59,21168.37,20778.25,20909.23,351653963
2023-12-13,20914.66,21077.29,20524.24,20685.08,311327229
2023-12-14,20658.79,20773.08,20265.64,20378.38,349498083
2023-12-15,20386.18,20934.86,20259.93,20806.01,266277156
2023-12-18,20771.98,21001.59,20280.52,20507.2,286643510
2023-12-19,20487.34,21037.43,20319.8,20866.79,236529105
2023-12-20,20874.12,21213.77,20674.57,21012.89,306940580
2023-12-21,20920.56,21189.05,20668.87,20937.16,221750406
2023-12-22,20927.13,20974.12,20632.62,20679.05,235959877
2023-12-25,20683.19,21189.01,20421.69,20924.45,176015382
2023-12-26,20944.29,21378.79,20897.31,21330.94,182623797
2023-12-27,21310.09,21520.92,20911.35,21120.31,263150388
2023-12-28,21060.16,21173.35,20946.17,21059.35,296330137
2023-12-29,21045.79,21575.03,20785.44,21311.39,180064556
2024-01-01,21297.76,21608.9,21088.48,21398.63,316529617
2024-01-02,21368.54,21954.85,21293.42,21877.95,337258156
2024-01-03,21920.29,22090.51,21580.6,21749.49,257874493
2024-01-04,21673.48,22059.0,21504.09,21887.93,246450861
2024-01-05,21914.56,22003.94,21507.42,21595.5,221790340
2024-01-08,21603.63,22250.32,21458.67,22102.02,380075103
2024-01-09,22079.3,22171.24,21841.97,21933.3,334001628
2024-01-10,21902.69,22014.31,21300.25,21409.36,431257643
2024-01-11,21351.48,21511.89,21228.11,21388.31,368929447
2024-01-12,21323.44,21494.96,21192.79,21364.06,416089794
2024-01-15,21359.09,21884.26,21298.92,21822.78,255461410
2024-01-16,21858.31,22113.43,21496.31,21750.17,371853522
2024-01-17,21805.99,21845.93,21715.99,21755.85,387073686
2024-01-18,21809.43,22050.1,21666.53,21906.57,384143669
2024-01-19,21902.82,22389.59,21812.43,22297.58,416749478
2024-01-22,22295.79,22519.54,22067.28,22290.99,177612680
2024-01-23,22313.58,22660.03,22209.46,22554.78,160394948
2024-01-24,22523.27,22798.08,22418.32,22692.34,441681291
2024-01-25,22717.23,22977.48,22368.25,22627.48,300287566
2024-01-26,22578.44,22789.32,22445.4,22655.83,322845421
2024-01-29,22636.97,22754.94,22554.2,22672.04,191175592
2024-01-30,22688.4,22859.43,22283.4,22452.66,312938516
2024-01-31,22387.98,22825.47,22324.95,22761.39,227165899
2024-02-01,22813.78,22969.86,22270.16,22423.57,352215481
2024-02-02,22445.24,22821.53,22346.35,22721.42,181389648
2024-02-05,22702.73,23135.85,22537.86,22969.05,206222049
2024-02-06,22944.84,23014.34,22885.26,22954.73,386970869
2024-02-07,22953.17,23150.31,22575.07,22770.64,290990726
2024-02-08,22722.56,22928.45,22517.15,22723.03,184935445
2024-02-09,22753.08,22926.42,22677.27,22850.29,186572705
2024-02-12,22849.06,23179.25,22717.15,23046.2,245793089
2024-02-13,23073.56,23310.36,22891.79,23128.16,425622290
2024-02-14,23066.89,23434.07,23023.25,23389.82,288455148
2024-02-15,23435.92,23582.01,23110.78,23255.75,299944279
2024-02-16,23273.38,23485.77,23113.04,23325.06,296807004
2024-02-19,23394.23,23448.33,22878.96,22931.99,189741165
2024-02-20,22979.91,23213.98,22900.25,23133.79,212229264
2024-02-21,23165.55,23411.06,22936.67,23182.02,440942670
2024-02-22,23116.99,23280.98,22921.55,23085.33,186267961
2024-02-23,23071.08,23507.29,22954.91,23389.52,324226482
2024-02-26,23389.9,23642.24,23324.97,23576.79,242313109
2024-02-27,23530.23,23714.93,22676.4,22855.81,376553422
2024-02-28,22892.47,22988.92,22778.6,22874.98,201570404
2024-02-29,22807.56,23098.8,22230.46,22518.01,390951695
2024-03-01,22565.43,22949.96,22408.27,22791.22,157271747
2024-03-04,22743.25,23522.05,22648.41,23424.36,358787329
2024-03-05,23434.0,23505.49,23229.04,23300.12,305756962
2024-03-06,23372.34,23519.66,23181.51,23328.56,283093613
2024-03-07,23345.07,23411.56,23207.18,23273.47,301941955
2024-03-08,23230.16,23455.84,23147.42,23372.59,234124296
2024-03-11,23383.75,23668.02,23264.22,23547.65,335358599
2024-03-12,23532.61,24053.68,23371.86,23890.48,165461920
2024-03-13,23899.48,24145.36,23397.33,23640.55,341465621
2024-03-14,23629.76,24128.5,23561.21,24058.7,337188764
2024-03-15,24056.51,24302.52,23578.2,23821.81,397657974
2024-03-18,23794.19,24048.38,23650.41,23903.94,183031305
2024-03-19,23885.47,24389.97,23716.0,24218.14,324348699
2024-03-20,24228.76,24503.36,24143.89,24417.83,260777823
2024-03-21,24405.21,24617.04,23965.66,24175.5,416875393
2024-03-22,24226.0,24434.93,23791.54,23998.5,397417675
2024-03-25,24037.65,24155.83,23768.62,23886.06,421221209
2024-03-26,23867.35,24088.57,23661.07,23882.17,432618325
2024-03-27,23825.49,24331.64,23688.98,24193.03,396612731
2024-03-28,24103.05,24218.29,23744.85,23858.92,320767502
2024-03-29,23824.21,24047.24,23768.32,23990.95,207965204
2024-04-01,24016.7,24251.68,23927.08,24161.52,290225584
2024-04-02,24142.48,24444.6,24018.35,24319.57,432460116
2024-04-03,24282.77,24700.89,24037.65,24454.04,216663978
2024-04-04,24428.69,25033.46,24270.34,24872.24,192021153
2024-04-05,24806.76,25128.39,24694.96,25015.65,374628179
2024-04-08,24998.11,25387.71,24873.19,25261.47,425518015
2024-04-09,25230.82,25588.99,25071.24,25428.17,159016307
2024-04-10,25504.38,26082.87,25363.81,25939.89,374632071
2024-04-11,25931.12,26054.36,25287.42,25408.18,392493282
2024-04-12,25533.12,26051.38,25261.01,25776.68,441239358
2024-04-15,25803.22,26009.1,25507.81,25712.97,412114263
2024-04-16,25675.47,25815.5,25504.0,25643.86,445253640
2024-04-17,25652.83,25813.33,25221.85,25380.65,307519385
2024-04-18,25336.36,25427.79,24779.34,24869.08,398128994
2024-04-19,24892.68,25062.58,24605.47,24774.56,243653394
2024-04-22,24670.52,24822.92,24445.22,24597.17,390610185
2024-04-23,24657.0,24839.85,24558.21,24740.72,425494457
2024-04-24,24750.83,24791.06,24310.37,24349.94,420513645
2024-04-25,24388.2,24808.11,24324.16,24743.13,244051975
2024-04-26,24680.84,24950.54,24558.07,24827.05,392412321
2024-04-29,24940.95,25043.45,24667.48,24769.27,249803555
2024-04-30,24706.42,24885.94,24407.25,24585.89,422951607
2024-05-01,24595.43,24860.72,24119.83,24382.83,320693391
2024-05-02,24320.67,24350.31,24060.12,24089.48,389006728
2024-05-03,24073.11,24242.15,23786.66,23954.87,194292086
2024-05-06,23970.19,24188.31,23747.96,23966.05,286823760
2024-05-07,23894.38,24012.19,23811.18,23928.87,335555891
2024-05-08,23921.25,24121.68,23368.67,23566.13,191315321
2024-05-09,23586.7,23696.83,23396.89,23506.64,237160565
2024-05-10,23458.16,23657.68,23087.05,23285.09,285928268
2024-05-13,23327.05,23659.5,23003.02,23335.36,353688517
2024-05-14,23325.82,24077.9,23076.57,23823.33,422184506
2024-05-15,23765.4,24100.11,23662.93,23996.65,379741229
2024-05-16,23963.36,24072.33,23814.81,23923.6,426073727
2024-05-17,23881.08,23984.08,23404.19,23505.56,426592791
2024-05-20,23501.65,23609.47,23042.97,23149.17,437499495
2024-05-21,23177.75,23309.05,22600.17,22728.92,402255332
2024-05-22,22727.5,23154.29,22494.7,22919.52,367533761
2024-05-23,22932.32,23078.3,22591.07,22735.8,315967697
2024-05-24,22733.6,22899.29,22595.03,22760.55,373951978
2024-05-27,22784.78,22865.76,22533.55,22613.93,427830661
2024-05-28,22663.33,22902.0,22407.17,22645.66,278137927
2024-05-29,22695.52,23106.63,22594.15,23003.88,253886845
2024-05-30,22930.73,23036.85,22734.06,22839.76,418386471
2024-05-31,22845.3,23035.96,22573.25,22763.23,351555709
2024-06-03,22753.76,22867.99,22457.12,22570.43,190234054
2024-06-04,22636.37,22886.5,22547.1,22796.6,232373923
2024-06-05,22842.86,23038.67,22355.21,22548.5,199953295
2024-06-06,22488.43,22639.79,22126.57,22276.5,432663255
2024-06-07,22250.89,22320.42,21876.8,21945.38,185480322
2024-06-10,21864.54,21893.13,21585.89,21614.15,164923581
2024-06-11,21630.45,21838.46,21527.24,21734.76,272528959
2024-06-12,21745.12,22420.03,21684.48,22357.68,282799677
2024-06-13,22342.34,22456.6,22008.69,22121.83,167949075
2024-06-14,22053.58,22385.19,22030.93,22362.23,298711695
2024-06-17,22380.22,22575.3,22238.2,22432.94,361122833
2024-06-18,22390.63,22516.34,22045.5,22169.98,386310159
2024-06-19,22197.46,22448.17,21861.63,22111.37,204823534
2024-06-20,22071.62,22242.13,21893.11,22063.56,381070940
2024-06-21,22153.85,22289.14,21770.98,21904.75,356792725
2024-06-24,21966.45,22416.47,21929.37,22378.7,415682872
2024-06-25,22440.93,22572.93,21789.5,21918.43,319080061
2024-06-26,21836.54,22199.71,21657.39,22019.06,185660249
2024-06-27,22063.07,22317.43,21854.23,22108.17,357525824
2024-06-28,22158.85,22287.92,21848.05,21976.06,390201898
2024-07-01,21942.55,22121.33,21842.56,22020.99,360733776
2024-07-02,22018.2,22400.44,21861.74,22242.38,314288980
2024-07-03,22220.09,22423.61,22085.54,22288.64,415147778
2024-07-04,22325.66,22553.75,22172.3,22399.88,293675205
2024-07-05,22499.33,22856.37,22223.52,22579.57,275053816
2024-07-08,22527.41,22622.98,21990.2,22083.89,321155652
2024-07-09,22025.89,22507.66,21971.14,22451.85,351513183
2024-07-10,22474.6,23092.39,22407.36,23023.51,225214641
2024-07-11,22974.86,23400.26,22857.28,23281.11,179680950
2024-07-12,23316.34,23664.62,23202.87,23550.02,300332600
2024-07-15,23532.13,23734.9,22994.77,23194.63,176858706
2024-07-16,23214.76,23383.21,23005.55,23173.69,207561675
2024-07-17,23215.48,23283.52,22908.62,22975.96,436382352
2024-07-18,22984.34,23077.31,22744.38,22836.75,310858979
2024-07-19,22881.47,23280.82,22691.18,23088.81,428728200
2024-07-22,23040.09,23267.15,22668.25,22893.87,372150165
2024-07-23,22839.97,23084.35,22626.17,22870.26,172071231
2024-07-24,22878.14,22954.62,22324.39,22399.27,188942147
2024-07-25,22348.71,22481.36,22236.64,22369.19,153250754
2024-07-26,22366.82,22485.78,22281.45,22400.29,406421710
2024-07-29,22423.77,22463.7,22195.99,22235.58,268516209
2024-07-30,22233.96,22365.45,21937.89,22068.4,225151489
2024-07-31,21985.86,22688.96,21835.82,22535.16,308033784
2024-08-01,22477.82,22510.64,22211.82,22244.3,349739587
2024-08-02,22216.11,22332.43,21880.95,21996.12,293755614
2024-08-05,22033.96,22132.56,21711.58,21809.17,169368968
2024-08-06,21871.13,22330.06,21648.94,22105.49,251240205
2024-08-07,22151.74,22847.52,21934.23,22625.35,263198826
2024-08-08,22639.61,22813.96,22543.05,22717.07,336731101
2024-08-09,22744.72,22944.18,22349.18,22546.91,351602139
2024-08-12,22556.17,22673.14,22333.42,22449.84,270166431
2024-08-13,22379.13,22901.46,22202.16,22721.78,239979321
2024-08-14,22736.16,22783.03,22456.76,22503.15,271795050
2024-08-15,22506.21,23055.84,22325.13,22871.81,192425756
2024-08-16,22865.51,23428.53,22677.39,23237.35,159702508
2024-08-19,23270.52,23306.39,23228.73,23264.6,201922792
2024-08-20,23249.37,23611.37,23078.65,23439.25,327988389
2024-08-21,23480.21,23880.29,23243.49,23641.94,324681885
2024-08-22,23551.05,24193.02,23416.5,24055.58,372130731
2024-08-23,24088.1,24317.72,23560.23,23786.98,407462154
2024-08-26,23864.75,24181.3,23789.77,24105.56,222740754
2024-08-27,24086.37,24153.55,23948.73,24015.71,293223887
2024-08-28,24053.04,24100.87,23775.12,23822.5,263931126
2024-08-29,23876.73,24084.04,23651.77,23858.93,256361180
2024-08-30,23880.44,23892.92,23799.78,23812.22,440548400
2024-09-02,23778.91,23972.18,23371.57,23563.09,348337528
2024-09-03,23495.71,23617.84,23038.11,23158.49,359649825
2024-09-04,23152.3,23350.15,22731.84,22927.76,415629736
2024-09-05,22939.16,23459.86,22784.97,23303.23,295008829
2024-09-06,23281.53,23956.7,23143.61,23815.62,200617775
2024-09-09,23807.84,24188.99,23615.83,23995.46,360472213
2024-09-10,23985.48,24536.22,23770.32,24318.09,270397825
2024-09-11,24235.0,24464.37,23960.62,24189.56,435715475
2024-09-12,24179.92,24403.59,23955.05,24178.71,442080167
2024-09-13,24181.19,24468.35,23977.12,24263.58,266458645
2024-09-16,24333.69,24437.43,23882.44,23984.69,409175750
2024-09-17,23986.97,24116.54,23604.92,23733.11,370007072
2024-09-18,23741.38,23794.23,23715.15,23767.97,267316678
2024-09-19,23758.42,23881.15,23571.34,23693.74,351014393
2024-09-20,23655.41,23781.43,23301.22,23426.02,258667662
2024-09-23,23353.11,23771.47,23118.46,23534.99,398733267
2024-09-24,23554.27,23824.85,23206.56,23476.25,394774925
2024-09-25,23434.18,23807.42,23376.92,23749.39,435221002
2024-09-26,23761.09,23783.84,23734.78,23757.54,175266905
2024-09-27,23766.59,23857.31,23598.14,23688.56,364161872
2024-09-30,23671.34,23889.18,23513.86,23731.3,185612783
2024-10-01,23731.86,24002.82,23425.35,23695.9,398512301
2024-10-02,23723.89,23772.98,23482.56,23531.25,321324477
2024-10-03,23575.22,23620.66,23391.44,23436.62,295844649
2024-10-04,23439.01,23691.19,23387.46,23639.2,320504331
2024-10-07,23598.88,24049.93,23367.85,23816.77,425449419
2024-10-08,23788.88,24259.55,23694.09,24163.26,320803541
2024-10-09,24134.71,24254.57,23605.12,23722.94,433982714
2024-10-10,23788.81,23845.81,23573.22,23629.85,379542403
2024-10-11,23570.38,23749.69,23352.53,23531.54,443038998
2024-10-14,23455.62,23698.71,23342.96,23585.42,414392174
2024-10-15,23636.37,23775.57,23339.28,23477.54,171221614
2024-10-16,23453.47,23542.09,23266.16,23354.4,269975614
2024-10-17,23310.27,23662.19,23214.01,23564.89,263046281
2024-10-18,23569.33,23846.38,23343.92,23620.48,247753240
2024-10-21,23663.61,23762.95,23228.95,23326.88,310688285
2024-10-22,23291.18,23866.44,23106.45,23678.64,404891950
2024-10-23,23591.63,24057.08,23483.91,23947.73,199908697
2024-10-24,23930.2,23991.73,23744.9,23806.11,223439590
2024-10-25,23757.1,24198.89,23593.43,24033.32,242418721
2024-10-28,23952.47,24027.76,23773.61,23848.58,412532219
2024-10-29,23815.66,24300.5,23670.64,24153.43,179095679
2024-10-30,24085.51,24323.63,23867.27,24105.21,362118606
2024-10-31,24087.96,24209.99,23780.89,23901.98,206687947
2024-11-01,23882.23,23973.86,23722.07,23813.44,403998675
2024-11-04,23764.61,23983.86,23404.42,23622.36,425053409
2024-11-05,23629.06,23811.89,23499.19,23681.73,341136012
2024-11-06,23725.4,23824.89,23637.37,23736.82,346558418
2024-11-07,23763.37,23903.05,23616.04,23755.66,181850259
2024-11-08,23710.95,23901.96,23429.44,23619.72,397209954
2024-11-11,23546.99,23728.99,22502.67,22677.95,364426647
2024-11-12,22635.38,22869.34,22476.75,22710.18,167813996
2024-11-13,22768.93,22939.09,22079.31,22245.56,298857364
2024-11-14,22216.07,22441.51,22089.34,22314.22,293009810
2024-11-15,22294.88,22653.08,22243.21,22600.7,205120262
2024-11-18,22548.13,22811.83,22414.9,22677.83,448562149
2024-11-19,22698.47,22711.21,22577.08,22589.76,180627889
2024-11-20,22583.11,22747.21,22390.21,22554.1,347218025
2024-11-21,22555.45,22618.67,22466.96,22530.1,228883120
2024-11-22,22572.44,22621.39,22354.41,22403.0,397946874
2024-11-25,22427.94,22663.01,22034.7,22268.09,187620706
2024-11-26,22174.99,22319.35,21907.15,22050.69,256460393
2024-11-27,22060.59,22491.04,21919.1,22347.71,190697972
2024-11-28,22310.16,22460.61,22202.58,22352.83,230504007
2024-11-29,22287.55,22735.37,22150.97,22596.9,403065650
2024-12-02,22616.8,22702.13,22458.73,22543.78,393155309
2024-12-03,22498.76,22668.6,22401.17,22570.7,435183994
2024-12-04,22566.26,22699.58,22404.28,22537.42,221246944
2024-12-05,22528.72,22795.51,22395.17,22661.18,448438285
2024-12-06,22598.68,22929.35,22546.27,22876.3,392089336
2024-12-09,22899.77,23173.14,22672.86,22945.77,317821679
2024-12-10,22877.65,22963.62,22699.26,22784.88,307321772
2024-12-11,22794.01,22988.3,22405.89,22598.51,319806206
2024-12-12,22622.98,23238.15,22408.58,23019.99,379291271
2024-12-13,23013.16,23172.69,22799.14,22958.29,167869285
2024-12-16,22972.42,23074.45,22792.28,22893.95,427909155
2024-12-17,22943.53,23447.64,22770.42,23272.05,185563664
2024-12-18,23312.21,23667.34,23205.85,23559.84,186116939
2024-12-19,23602.88,23769.48,23541.29,23707.62,381123603
2024-12-20,23721.29,23768.2,23566.25,23612.94,293405304
2024-12-23,23561.61,24424.37,23376.15,24233.61,321269153
2024-12-24,24207.46,24499.38,24057.01,24348.06,271339557
2024-12-25,24265.89,24755.5,24017.13,24504.3,320005958
2024-12-26,24528.07,24666.08,24330.31,24467.98,366190523
2024-12-27,24483.05,24646.24,23936.49,24097.11,375990266
2024-12-30,24159.11,24312.07,23602.56,23752.94,367343663
2024-12-31,23679.78,23986.95,23562.55,23868.78,393968917
2025-01-01,23924.01,24158.02,23747.62,23981.21,379541387
2025-01-02,23956.68,24136.17,23748.22,23927.49,363065420
2025-01-03,23928.17,24107.4,23451.69,23628.67,384322640
2025-01-06,23550.6,23622.8,23192.09,23263.41,153245968
2025-01-07,23289.1,23406.64,23071.79,23188.82,423033775
2025-01-08,23200.15,23465.76,22565.34,22826.67,313170289
2025-01-09,22808.2,23209.33,22662.01,23061.52,292875853
2025-01-10,23031.79,23453.5,22942.71,23363.14,400654395
2025-01-13,23355.07,24134.23,23321.45,24099.54,248877974
2025-01-14,23995.56,24578.26,23762.68,24342.01,395884574
2025-01-15,24332.23,24551.14,23975.36,24193.01,248940412
2025-01-16,24193.97,24342.47,23823.58,23970.71,434669652
2025-01-17,23997.36,24184.71,22890.05,23070.16,437003524
2025-01-20,23011.3,23224.0,22716.49,22928.42,305818808
2025-01-21,22880.36,23037.13,22736.26,22892.96,409909706
2025-01-22,23002.76,23283.26,22866.18,23145.83,306665109
2025-01-23,23216.64,23419.99,23107.9,23310.8,297961080
2025-01-24,23334.16,23608.37,23197.58,23470.99,157415034
2025-01-27,23485.51,23610.79,23410.41,23535.53,262038962
2025-01-28,23488.66,23874.64,23331.59,23716.05,303828652
2025-01-29,23638.96,24181.05,23562.59,24103.18,188335690
2025-01-30,24128.65,24222.78,23737.52,23830.49,319169404
2025-01-31,23784.43,23842.9,23661.84,23720.15,258424075
2025-02-03,23722.29,23832.33,23258.95,23367.34,425376720
2025-02-04,23369.58,23915.37,23249.13,23792.75,209001762
2025-02-05,23874.07,24248.55,23768.39,24141.68,415468962
2025-02-06,24044.65,24498.34,23899.27,24351.11,397312248
2025-02-07,24346.44,24496.49,23891.64,24039.81,168732574
2025-02-10,23959.76,24312.49,23743.65,24095.15,370895697
2025-02-11,24088.95,24223.38,23908.44,24042.6,192562536
2025-02-12,23963.65,24244.3,23793.73,24073.6,269936553
2025-02-13,24065.8,24298.23,23801.3,24033.41,264728657
2025-02-14,24009.22,24231.09,23958.97,24180.48,188793670
2025-02-17,24181.8,24255.22,24012.01,24085.13,383980878
2025-02-18,24099.91,24382.99,24038.66,24321.17,368316168
2025-02-19,24310.29,24518.53,24187.68,24395.48,199868441
2025-02-20,24389.08,24491.62,24224.32,24326.59,269115424
2025-02-21,24283.42,24440.87,24149.07,24306.39,382210369
2025-02-24,24274.21,24423.54,24049.45,24198.32,368215385
2025-02-25,24180.77,24445.32,24160.29,24424.64,327847422
2025-02-26,24416.91,24655.14,24123.78,24361.47,319645813
2025-02-27,24371.06,24632.43,24189.45,24450.24,413255233
2025-02-28,24467.09,24573.27,24248.79,24354.48,330760451
2025-03-03,24286.65,24482.48,23773.12,23966.37,252711498
2025-03-04,24010.71,24392.93,23834.12,24214.83,288006939
2025-03-05,24230.02,24396.11,23778.55,23942.67,270714215
2025-03-06,23936.69,24288.05,23781.02,24131.12,196607536
2025-03-07,24126.96,24413.68,23966.41,24252.29,168064776
2025-03-10,24203.19,24297.09,23727.79,23820.21,425582626
2025-03-11,23841.76,23954.41,23470.78,23582.21,305409995
2025-03-12,23467.34,23609.79,23315.88,23458.28,446181341
2025-03-13,23350.11,23612.73,22994.33,23255.88,382380084
2025-03-14,23283.69,23461.96,22786.98,22962.8,374786101
2025-03-17,22928.96,23215.66,22872.79,23158.92,303977428
2025-03-18,23145.02,23278.6,22973.81,23107.17,298012199
2025-03-19,23068.47,23357.75,22926.07,23214.45,306436368
2025-03-20,23240.78,23413.9,22941.63,23113.8,381162362
2025-03-21,23063.24,23212.86,23051.13,23200.68,424582822
2025-03-24,23196.5,23285.11,22930.32,23018.26,237824731
2025-03-25,23033.76,23274.57,22780.07,23020.75,380007105
2025-03-26,23089.08,23329.14,22937.82,23177.3,403391003
2025-03-27,23222.43,23465.38,22955.37,23198.06,244288358
2025-03-28,23195.94,23347.05,22940.27,23090.7,302956504
2025-03-31,23124.33,23254.55,22695.39,22823.92,433427058
2025-04-01,22798.06,22957.05,22716.42,22875.14,311422383
2025-04-02,22871.44,23061.94,22780.98,22971.08,367439908
2025-04-03,23002.24,23112.35,22805.3,22914.99,171052313
2025-04-04,22975.32,23187.26,22520.56,22730.24,240322639
2025-04-07,22672.53,23077.49,22471.82,22874.99,171576556
2025-04-08,22853.6,23736.33,22632.22,23508.61,213404840
2025-04-09,23527.87,23660.29,23307.87,23439.8,209622126
2025-04-10,23466.18,23634.05,23368.42,23536.0,352700559
2025-04-11,23547.1,23805.55,23385.33,23643.12,188993110
2025-04-14,23632.83,23795.41,22826.98,22985.1,302082953
2025-04-15,22937.78,23195.33,22768.71,23025.61,160452504
2025-04-16,22968.98,23142.65,22683.06,22855.88,329673456
2025-04-17,22873.11,23394.45,22694.46,23213.15,341014724
2025-04-18,23185.16,23520.57,22822.57,23157.58,188782546
2025-04-21,23144.36,23288.51,22825.72,22968.78,197053944
2025-04-22,22932.67,23159.41,22696.12,22922.76,379730542
2025-04-23,22899.21,23172.5,22701.29,22973.93,404363029
2025-04-24,22929.69,23083.25,22688.65,22841.62,408297099
2025-04-25,22822.67,23031.03,22629.29,22837.53,336517056
2025-04-28,22822.14,22898.82,22430.86,22506.48,275948736
2025-04-29,22523.17,22577.79,22405.25,22459.72,367003037
2025-04-30,22416.3,22842.05,22236.54,22660.34,241396717
2025-05-01,22577.27,23345.49,22396.68,23160.24,317112641
2025-05-02,23140.12,23425.01,23065.29,23349.5,442471347
2025-05-05,23357.87,23607.76,23179.34,23428.68,216795493
2025-05-06,23400.33,23870.13,23275.17,23743.13,367835543
2025-05-07,23776.83,24210.85,23586.7,24018.79,187419022
2025-05-08,24014.19,24557.82,23926.03,24468.0,406922190
2025-05-09,24421.9,24872.51,24320.02,24769.18,312176279
2025-05-12,24798.85,24985.08,24561.14,24746.98,410814163
2025-05-13,24759.11,25071.17,24515.83,24827.23,281060885
2025-05-14,24811.11,25005.6,24691.96,24886.09,246376176
2025-05-15,24866.01,25261.15,24584.88,24978.75,234060607
2025-05-16,24879.72,25211.92,24712.68,25043.79,378566024
2025-05-19,25063.1,25215.25,24687.48,24838.26,305685236
2025-05-20,24946.14,25176.12,24049.66,24273.44,225263747
2025-05-21,24307.21,24388.9,24022.79,24103.8,350436899
2025-05-22,24124.98,24242.16,23461.75,23576.26,180731243
2025-05-23,23576.85,23756.34,23424.0,23603.31,259978021
2025-05-26,23580.55,23795.99,23398.76,23613.93,263283054
2025-05-27,23685.31,23895.05,22982.8,23188.14,242253886
2025-05-28,23196.48,23383.84,23185.66,23372.95,315588740
2025-05-29,23419.76,23817.16,23209.43,23605.17,408999694
2025-05-30,23595.58,23748.01,23487.28,23639.5,207754242
2025-06-02,23667.9,24170.69,23581.34,24082.6,347360587
2025-06-03,24117.85,24659.33,24047.95,24588.06,198468500
2025-06-04,24544.62,24691.83,24126.14,24271.71,241621718
2025-06-05,24204.43,24704.6,24060.15,24558.21,439712997
2025-06-06,24582.09,24742.58,24526.87,24687.12,196855117
2025-06-09,24729.47,24919.21,24621.2,24810.59,154330156
2025-06-10,24835.58,25240.21,24672.49,25075.54,265424713
2025-06-11,25053.47,25166.0,24775.42,24887.21,354453244
2025-06-12,24806.86,24906.25,24635.89,24734.99,352295591
2025-06-13,24698.68,24960.5,24260.04,24519.96,399200793
2025-06-16,24566.39,24618.33,24274.73,24326.16,291709119
2025-06-17,24362.33,24523.14,24149.06,24309.53,213012744
2025-06-18,24291.79,24468.58,23756.86,23931.03,302452929
2025-06-19,23966.21,24071.08,23561.76,23665.32,331819262
2025-06-20,23652.8,23978.72,23500.32,23825.13,235073270
2025-06-23,23780.82,23970.89,23626.22,23816.06,151562904
2025-06-24,23812.17,24023.32,23715.23,23925.91,330540390
2025-06-25,23887.92,24051.4,23277.85,23438.26,422145818
2025-06-26,23476.5,23638.86,23084.77,23245.54,352737191
2025-06-27,23208.08,23395.88,22925.78,23112.82,432628313
2025-06-30,23120.0,23307.34,22943.07,23130.33,417373785
2025-07-01,23180.57,23260.61,22911.04,22990.41,214947224
2025-07-02,22984.24,23335.8,22885.13,23235.62,352538897
2025-07-03,23197.44,23499.91,22927.92,23230.01,252785554
2025-07-04,23270.7,23294.71,23219.67,23243.65,350612847
2025-07-07,23262.07,23365.16,23153.35,23256.41,240336280
2025-07-08,23306.25,23592.85,23161.11,23446.83,158625993
2025-07-09,23439.08,23588.94,23185.38,23334.57,205827247
2025-07-10,23351.23,23775.65,23209.29,23632.0,170787987
2025-07-11,23622.21,23894.29,23489.75,23761.05,355033901
2025-07-14,23783.68,23878.2,23716.38,23810.81,401892003
2025-07-15,23810.66,23966.14,23675.91,23831.27,263042992
2025-07-16,23809.56,24170.48,23617.63,23977.2,263659377
2025-07-17,23919.31,24375.19,23800.38,24254.6,151507516
2025-07-18,24215.91,24701.05,24033.69,24516.57,398699110
2025-07-21,24495.08,24778.8,24344.83,24627.74,215880409
2025-07-22,24645.4,24912.93,24607.92,24875.09,191495102
2025-07-23,24896.07,25014.64,24798.94,24917.43,348289628
2025-07-24,24905.54,25414.3,24764.01,25270.69,157437542
2025-07-25,25308.84,25512.99,25069.54,25273.41,360506650
2025-07-28,25356.75,25521.42,24546.16,24706.61,154965689
2025-07-29,24684.59,25195.22,24571.29,25080.09,446216268
2025-07-30,25110.7,25383.38,24847.29,25119.88,314992492
2025-07-31,25135.86,25246.06,24697.58,24806.34,239942631
2025-08-01,24819.05,24985.74,24595.86,24762.17,341622642
2025-08-04,24763.67,24860.71,24435.21,24531.33,281043480
2025-08-05,24415.02,25220.76,24305.26,25107.88,341074715
2025-08-06,25157.25,25421.94,24991.33,25255.37,396424003
2025-08-07,25151.19,25302.45,24680.35,24829.67,345429062
2025-08-08,24744.01,25278.01,24457.61,24988.78,343756754
2025-08-11,24997.67,25063.38,24823.74,24889.17,384076190
2025-08-12,24926.26,25520.72,24831.34,25423.9,386145462
2025-08-13,25450.57,25604.81,24987.31,25139.67,250566385
2025-08-14,25084.27,25281.51,24335.48,24528.34,318954699
2025-08-15,24466.98,24795.48,24228.3,24555.93,405297745
2025-08-18,24558.7,24635.26,24395.45,24471.74,304896332
2025-08-19,24388.88,24645.64,24112.83,24369.39,282483136
2025-08-20,24435.45,24496.0,23746.15,23805.15,328702021
2025-08-21,23878.35,24081.2,23723.9,23926.43,168146371
2025-08-22,23916.55,24516.73,23778.87,24376.41,444214549
2025-08-25,24364.19,24608.06,23635.31,23874.27,345419681
2025-08-26,23880.97,24211.68,23860.95,24191.4,160265632
2025-08-27,24285.98,24491.7,23846.03,24049.74,252801791
2025-08-28,24000.84,24804.23,23880.8,24680.78,320694933
2025-08-29,24639.09,24961.12,24488.04,24809.03,340547641
2025-09-01,24827.3,24992.83,24602.56,24767.69,443370815
2025-09-02,24740.01,25173.0,24647.04,25078.75,261974652
2025-09-03,25118.43,25378.19,24974.79,25233.9,281071918
2025-09-04,25339.97,25434.71,24985.78,25079.54,299366451
2025-09-05,25116.47,25440.68,24962.33,25285.5,350581059
2025-09-08,25249.61,25497.48,24906.65,25153.57,316609197
2025-09-09,25159.38,25247.33,24582.54,24668.78,324506440
2025-09-10,24654.08,25453.23,24435.87,25229.93,362417952
2025-09-11,25172.2,25420.48,24895.01,25143.0,406087104
2025-09-12,25175.18,25306.59,24854.21,24984.62,238893137
2025-09-15,25047.96,25361.22,24774.88,25087.71,374171822
2025-09-16,25115.79,25278.5,24507.54,24667.34,350932746
2025-09-17,24752.51,25004.82,24062.13,24309.93,329688725
2025-09-18,24267.78,24399.31,24054.96,24186.04,219896127
2025-09-19,24176.3,24293.48,23940.84,24057.45,358058740
2025-09-22,23990.03,24291.62,23785.33,24086.09,387314535
2025-09-23,24089.87,24546.27,23938.65,24393.15,244040898
2025-09-24,24457.49,24565.4,24168.61,24275.71,219397207
2025-09-25,24273.12,24582.32,24108.79,24417.01,263132783
2025-09-26,24397.22,24728.2,24258.46,24588.35,171557336
2025-09-29,24623.68,24770.82,24159.73,24304.97,399487259
2025-09-30,24365.65,24470.52,24270.94,24375.77,161515536
2025-10-01,24385.0,24433.36,24084.91,24132.76,225145824
2025-10-02,24127.41,24523.08,24030.36,24424.84,329575138
2025-10-03,24487.31,24755.72,24289.03,24556.88,198994295
2025-10-06,24580.36,24855.66,24295.96,24571.16,246923379
2025-10-07,24637.81,24835.53,24024.52,24218.89,179753191
2025-10-08,24187.47,24306.09,24140.99,24259.48,322370241
2025-10-09,24258.12,24379.33,23944.26,24064.5,194289193
2025-10-10,24035.21,24386.67,23910.7,24261.0,243217541
2025-10-13,24185.47,24486.32,23938.55,24238.86,183417998
2025-10-14,24186.81,24286.02,23933.38,24031.96,281856466
2025-10-15,24057.75,24320.22,24024.08,24286.23,337027660
2025-10-16,24328.39,24700.57,24117.91,24488.71,411049976
2025-10-17,24474.28,24546.51,24266.85,24338.68,351300632
2025-10-20,24316.94,24678.37,24298.35,24659.52,427062139
2025-10-21,24724.1,24876.24,24437.14,24588.44,162930253
2025-10-22,24554.28,24638.5,24430.57,24514.66,258178396
2025-10-23,24541.21,24809.76,24289.48,24557.85,434461424
2025-10-24,24498.77,24605.87,24257.85,24364.36,320467434
2025-10-27,24283.41,24475.63,24063.75,24255.74,301457996
2025-10-28,24262.92,24563.91,23922.14,24222.63,274755878
2025-10-29,24217.02,24757.45,24101.65,24640.06,371886137
2025-10-30,24607.01,25267.37,24399.81,25056.38,236103220
2025-10-31,24979.18,25198.26,24776.1,24995.06,428858387
2025-11-03,25006.73,25564.0,24892.57,25447.84,409817041
2025-11-04,25404.35,25674.79,25175.84,25445.9,206515105
2025-11-05,25535.6,25683.6,25414.73,25562.6,235458331
2025-11-06,25588.24,26104.08,25307.99,25821.28,264625895
2025-11-07,25790.94,26051.49,25654.66,25914.56,360935075
2025-11-10,25854.63,26761.89,25710.37,26613.4,416142925
2025-11-11,26609.28,26823.68,26481.3,26695.28,345018508
2025-11-12,26657.85,26697.68,26314.91,26354.29,305809007
2025-11-13,26287.02,26829.35,26202.42,26743.28,419238931
2025-11-14,26775.84,26897.67,26511.58,26632.76,401397602
2025-11-17,26589.68,26798.94,26345.29,26554.27,166177530
2025-11-18,26582.66,26684.99,25592.13,25691.03,449555880
2025-11-19,25660.44,26189.04,25458.15,25984.19,212277768
2025-11-20,26002.22,26323.36,25908.19,26228.52,348236482
2025-11-21,26240.52,26626.13,26085.27,26469.54,156600115
2025-11-24,26525.63,26859.31,26432.17,26765.0,170106815
2025-11-25,26809.98,27470.86,26616.04,27273.57,411133246
2025-11-26,27221.18,27516.43,26975.87,27270.67,420794323
2025-11-27,27317.91,27624.33,27256.97,27562.85,218246488
2025-11-28,27666.96,27742.26,27273.91,27348.35,205525034
2025-12-01,27300.42,27439.03,27114.48,27252.85,215619286
2025-12-02,27292.9,27792.04,27083.61,27580.55,197022204
2025-12-03,27575.56,27984.94,27302.2,27710.24,153521707
2025-12-04,27731.67,28008.97,27041.75,27314.88,260692457
2025-12-05,27462.02,27642.02,27254.55,27434.38,230602486
2025-12-08,27299.23,27518.91,27170.9,27390.15,212083372
2025-12-09,27333.72,27504.96,26984.34,27154.45,247296143
2025-12-10,27159.53,27362.51,27092.39,27295.03,191845893
2025-12-11,27234.65,27377.37,27042.04,27184.5,210666448
2025-12-12,27174.24,27215.12,26685.55,26725.75,341448490
2025-12-15,26775.73,26938.78,26248.96,26409.78,368222044
2025-12-16,26409.27,27118.99,26228.19,26934.3,423002579
2025-12-17,26881.19,27038.53,26341.15,26496.24,240373927
2025-12-18,26549.25,26813.98,26307.25,26571.77,229090444
